"bspl4.1","bspl4.2","bspl4.3","bspl4.4","bspl4.5","bspl4.6","bspl4.7","bspl4.8","bspl4.9","bspl4.10","bspl4.11","bspl4.12","bspl4.13","bspl4.14","bspl4.15","bspl4.16","bspl4.17","bspl4.18","bspl4.19","bspl4.20","bspl4.21","bspl4.22","bspl4.23","bspl4.24","bspl4.25","bspl4.26","bspl4.27","bspl4.28","bspl4.29","bspl4.30","bspl4.31","bspl4.32","bspl4.33","bspl4.34","bspl4.35","bspl4.36","bspl4.37","bspl4.38","bspl4.39","bspl4.40"
0.220853055324738,0.418899305905067,0.517940244393959,0.232236177889388,0.375044219231854,0.190988265146036,0.552071747908632,0.137614658875597,0.824543820550157,0.120226547923539,0.679259841249564,0.786304452332536,0.200737174811549,0.551891498340996,0.861847585061076,0.294587069203913,0.192229042695705,0.972694601088065,0.373129340688379,0.267692168747241,0.223349130708633,0.795235690541122,0.326307131915724,0.260426890036191,0.277947326941001,0.201710240194771,0.605742152728535,0.175285821343651,0.236487294396906,0.233960692750158,0.531200489877939,0.239565675716265,0.214769150099317,0.439709109730195,0.38810748869391,0.25009694888014,0.5586608607736,0.23979347068888,0.579201365130943,0.61449674594283
0.171754554676005,0.272874913121161,0.284177911410129,0.284311594811231,0.335056147330966,0.227212990848371,0.352555335387229,0.124507859665297,0.433638830588874,-0.0625217356123228,0.703896679944632,0.3016258671902,-0.044081159684251,0.568999416106839,0.48345478937532,-0.0590830625069738,0.308625582812348,0.635661735666341,0.0597106340243747,0.151744746841257,0.319211092338423,0.454720063925762,0.165659036099745,0.194780791464477,0.12398837413234,0.311541728464155,0.347585346936827,0.165206404440236,0.112177321123362,0.288686188940665,0.352034965729089,0.229577505940657,0.126365740495844,0.409370110393184,0.298270306668518,0.106427903847274,0.545171349370476,0.0385559088245195,0.48447587291153,0.409543372802475
0.134572502871843,0.297321526691768,0.371740430184175,0.247836696993086,0.392613078435004,0.263066122383087,0.474152463715894,0.143361820575119,0.553690211735962,-0.0176683300767258,0.630997527373409,0.574843602743241,-0.0789429593784799,0.478172111373877,0.784915464458496,0.015199284784529,0.127816654850416,0.944797562683861,0.218680884739669,0.153122078395324,0.241725577761708,0.739050035282903,0.395534871586098,0.302535156542119,0.114454623577913,0.248231190488518,0.59608431945188,0.249855641677131,0.292339656233254,0.129953003374643,0.573182938479652,0.282308049817376,0.266744023925541,0.31947684698916,0.502983529032044,0.20028238159716,0.46404383367323,0.373705383324366,0.296608837027839,0.47510239870338
0.222298002876643,0.119258071489048,0.411451289106355,0.212495670062139,0.357138154952769,0.2004362442938,0.550689683533645,0.135532993457163,0.704565178054047,0.0677985634207933,0.569295971752382,0.772502260738887,0.0408807885327849,0.346163384727999,0.904998390486049,0.184614532801067,-0.0326929644501708,0.960756145454342,0.379645867956914,0.169097947964449,0.0734082214157326,0.825097569802832,0.361063763977319,0.388424521220545,0.152945666444853,0.0960940464498858,0.60536255320855,0.285878520590553,0.273506553556447,0.0140583923238814,0.473112724962945,0.344704082742334,0.213681596337809,0.0958262598442245,0.465471038919969,0.187052639325534,0.122829902055769,0.454176690279836,0.0352359505300707,0.216145129533231
0.140755856606085,0.113646960245609,0.257792495368039,0.233308141387235,0.27368808300628,0.201129667119979,0.376932965866089,0.146249416831322,0.56402260661964,-0.0372893386337457,0.740629003441544,0.474084633569462,0.024230395098283,0.556930866517903,0.606847198996208,0.0518767167811134,0.27576926562748,0.617753879486564,0.165771250365204,0.181017651817607,0.298576394008426,0.432810864425403,0.231105082595386,0.25149268559478,0.137395222651024,0.337904294521734,0.310895194953817,0.260037872634003,0.17801231206767,0.296366477565845,0.369617392822387,0.26840346470114,0.224623440670718,0.407130407020796,0.349250954975178,0.246334805901773,0.533779672759554,0.222602251565742,0.551216196751495,0.464700806412982
0.19525878297421,0.172256703833826,0.249426552842346,0.224557920837037,0.384262721716542,0.246849575759484,0.541984379693177,0.0742691770308007,0.666755523450451,-0.0657421076797695,0.627730861213851,0.684197980241603,-0.0962704907926861,0.46523668752566,0.855161347060179,0.0211437993347349,0.144936657850015,0.90948190177575,0.360371562609547,0.0834447431055939,0.28043311846955,0.694973054352874,0.375558611110115,0.370149637494007,0.154214791135324,0.251102933003954,0.539101166457196,0.269138283049856,0.346020065260376,0.178024528603864,0.452028267308072,0.308425492856067,0.306838086504325,0.312085998782449,0.366747607039609,0.272155386048273,0.356504719298388,0.31645732934107,0.303721893348502,0.416033988068488
0.201659393697792,0.223939704194777,0.324094389070497,0.309424606136879,0.340499487027872,0.282041011326624,0.326424373744739,0.197872096291324,0.326099283334565,0.02499134772815,0.667651853311698,0.193632940972059,0.0417306551141402,0.621778193085134,0.334495571381906,-0.0143076946145932,0.399139613847502,0.524527462553563,-0.0586984861031093,0.208828018511083,0.348559641940425,0.374554115691677,0.116912968370323,0.160918347478525,0.0586571017745525,0.40696247942239,0.243286029762569,0.171334457069005,0.0623844286486748,0.297495837815803,0.384902531327498,0.145166937089289,0.0926325211044003,0.387218338176747,0.336619966026199,0.0921413456229144,0.46606188623274,0.233600417608358,0.339081074463536,0.431077016630731
0.16695190307575,0.136902650913356,0.559509238524819,0.344829268920076,0.532362097795027,0.403796564143205,0.535199707558716,0.322943277308096,0.519438009435391,0.0868849059410449,0.793332192180414,0.201203982504622,0.11813398510347,0.666080890659045,0.383358522658066,0.0234414125364558,0.484405696664205,0.557861645057786,0.175760973222149,0.164476882688967,0.53905479625465,0.362086018820237,0.310154072029538,0.264363825874028,0.1693701762151,0.541814272159737,0.339807712948704,0.35549335160637,0.232062604401427,0.459819680820139,0.438811257634124,0.341927905094655,0.351049999939772,0.509627882462379,0.373287760864753,0.356420798306585,0.49901678901658,0.38618052943372,0.309033373616507,0.58829002699345
0.257449851229843,0.363661069911396,0.18881414912927,0.353972947897142,0.285035312173146,0.309016323576257,0.306816617122558,0.277459790586208,0.385371826169524,0.0192073122765657,0.836882839602605,0.214384128119871,0.102786211895405,0.661664258437679,0.439286228227098,0.0373540518405417,0.457435470241951,0.574398870790889,0.190894558235706,0.169094145181024,0.511267445522517,0.445736828450081,0.277027304296856,0.32985360388279,0.108470398632385,0.499642361113098,0.380759619480922,0.330465271945452,0.228459000286116,0.331964788091106,0.451648632106172,0.335700903556209,0.260334046831888,0.452825291720027,0.408996247506347,0.284773209479419,0.524669450557544,0.316699233817294,0.465099030710891,0.507255486685663
0.319135824542301,0.44890674378212,0.405903751785604,0.260945144964147,0.478583770153575,0.284899911743016,0.708564050636637,0.204290833907186,0.782018728294427,0.159895395673523,0.637147652587896,0.871568214233371,0.0293568858328719,0.510754035260333,1.02049689865101,0.167330369590763,0.0672928061584652,1.06410395976259,0.411885717242237,0.176499543228749,0.180954660271101,0.843671186037078,0.322476484023425,0.274826544539807,0.232214102862544,0.161870975269625,0.600151166090966,0.18025139914678,0.203406247039297,0.200619255039467,0.448098460959195,0.228910135828295,0.192564481299014,0.35567536002436,0.334237649913256,0.194858936763988,0.439209276684974,0.244104548717693,0.371074138240642,0.484789902148041
0.135955413974304,0.309369064142767,0.110831547432358,0.368222873202439,0.383036610282658,0.463963218885629,0.343193019206327,0.486605304840415,0.294300913574937,0.311407591603781,0.642975478818531,0.263293435686139,0.220636731847129,0.645811292379272,0.447641658154453,0.0937950010246901,0.467801334867924,0.623637346405187,0.124421969142176,0.267391352234258,0.462097530028661,0.451578935686813,0.212850175087098,0.243292287599255,0.171492959096203,0.519790329610943,0.29527386040256,0.233519903835172,0.234776887445545,0.339528972867999,0.395071165069021,0.255763849734196,0.294837388996013,0.343773660711803,0.325520295104678,0.336568059690518,0.298389495980031,0.363352763737985,0.2905604721733,0.398397370112451
0.214611598931072,0.146401109751287,0.199678626812827,0.322062514430112,0.32218765645314,0.337627064919777,0.313181282665197,0.299249520517717,0.41869754608593,0.00831737930789748,0.862541029714394,0.189532990413402,0.149994030283789,0.669569406283705,0.478795126410266,0.0563492676740419,0.491637220809418,0.639975857316589,0.173655575904855,0.196130758598053,0.534809033205101,0.504221922569163,0.270841927150633,0.292913881446161,0.142043612632545,0.506245417797492,0.44552385060789,0.286101861070822,0.213937652606896,0.361285407548613,0.508514472087127,0.323850564698269,0.233456579251523,0.482683185203113,0.455946672626406,0.247656930354665,0.509254409522117,0.339873508191235,0.397226632817627,0.418873929794862
0.201087126824076,0.315800570428645,0.464717119503429,0.317268899529115,0.435099830214864,0.306000152086285,0.493504710080041,0.18423039298784,0.550935674969098,-0.00205804906424168,0.772136992124319,0.407461967220811,0.0239396860249122,0.609679525628944,0.673592568125636,-0.00614552321988322,0.353756143430365,0.797082771642852,0.232952160420921,0.14764482262422,0.46575937239453,0.562443502145947,0.378822707731115,0.272595655196206,0.134569926991584,0.479175205043317,0.422633717728324,0.323350243676105,0.199478480810591,0.352472854666756,0.475868083876938,0.314083957637645,0.260537864639498,0.420408610867829,0.395991642703062,0.288952555917809,0.413867547313844,0.365239275902097,0.308779676008227,0.509082315343569
0.141264176544861,0.0880377535738434,0.296201067232831,0.235754675122949,0.283071063384678,0.192833317185134,0.327217371862598,0.0863982921063264,0.471762790466085,-0.185864343341602,0.746302534345884,0.289022328101483,-0.0427193472068646,0.466206617690381,0.567575534375513,-0.0147832900804057,0.204919701573216,0.628474924941473,0.243773246473621,0.122996656806232,0.254229226987071,0.536837479029766,0.255443739904066,0.376453752280315,0.14636848926186,0.22926349019622,0.492204558774506,0.234293803037736,0.362318016691752,0.0885409574400518,0.52069167918218,0.29780865435907,0.325971854963396,0.206468524526206,0.522679697110054,0.257731528231396,0.297233800755498,0.545412360585382,0.176118911366206,0.521997615658517
0.190657847078265,0.247796785408498,0.397138825768262,0.31606303037214,0.407761620793629,0.268797024889222,0.447419385468561,0.158488933625927,0.573066186927786,-0.0741343290623164,0.845295153765525,0.468186980545225,-0.0404688021363883,0.683906505913679,0.713825977905743,-0.0462777946063018,0.404905619221971,0.833177919194167,0.17132639364685,0.12836956081792,0.527134412915517,0.472337976891933,0.313230169089711,0.321899796150791,0.0379508016986428,0.581529434347684,0.279033960369294,0.363499167808981,0.145655908812962,0.406974780990742,0.434369216164865,0.346767992375835,0.233719795610215,0.51788534522834,0.458625031428338,0.295989561379958,0.561378812464583,0.49145607134144,0.400538690917551,0.598055085500052
0.0926408065605093,0.0584677680606641,0.193269982246213,0.263403001247375,0.344201209826639,0.183206194366857,0.48537435639319,0.034599911615482,0.600369621817399,-0.0419842691383357,0.474346636463099,0.646845288286303,-0.0996905962925652,0.359836414399612,0.763496793531384,0.0589832279826394,0.0334106785850769,0.789707059233675,0.359770566496574,0.0691411103441081,0.15913002850694,0.635291837100339,0.278120856175423,0.309310448015812,0.118881171869763,0.108314325352733,0.521111478378953,0.118246807021601,0.263443964506412,0.0109797406159378,0.476382538585631,0.131613644451186,0.133837935138646,0.199391913699061,0.326532989619859,0.0157695240905832,0.332229590207851,0.111671545175353,0.255273670430225,0.178891467030639
0.221365621127237,0.248705372310771,0.250081830533385,0.214097103448527,0.369193222819662,0.250188817980708,0.565630248628497,0.185646284350105,0.657600410152488,0.183997017127901,0.502414068446347,0.795662008545524,0.0663376050987287,0.403174652309992,0.896971982841702,0.182529855324158,0.0773470272873973,0.877535778528768,0.49389883599552,0.134840954017779,0.175852939659399,0.758606619155058,0.485296120933396,0.37948080451182,0.20214401965687,0.111017463083073,0.675639089921065,0.31240531641813,0.348706403157036,0.0126180768567755,0.601030709171811,0.336462982221866,0.229195286218899,0.15973975929014,0.579184565657302,0.0905512494699574,0.262015542827491,0.489894467672478,-0.0143445021336764,0.490020995935319
0.186841777665393,0.210481488490503,0.239608708922059,0.246639798822004,0.327833813799396,0.21263633074459,0.41044843223288,0.10852353334757,0.551909097668793,-0.00708332368121747,0.567685116065341,0.470805150187714,0.023616548435032,0.48377438280472,0.540362460351798,0.0944471573503208,0.278179560521896,0.637152731892005,0.179099713862611,0.23150802440411,0.281597349947099,0.685434251706189,0.230465090300732,0.348689032953606,0.163298416705856,0.322952763358551,0.545684871900487,0.198513270291563,0.285149334536357,0.232439114543994,0.520366282692906,0.225209638330152,0.249846553507206,0.347124695774148,0.42660294115502,0.160762229690353,0.423496983092341,0.269386441349379,0.305680116044028,0.393331581206001
0.257833023433865,0.26613778933955,0.283665766315248,0.31561883460937,0.385565114877962,0.350562318567377,0.523957832491833,0.328088805612351,0.603020366463256,0.232232041336961,0.599048652908307,0.748700982904213,0.071597693073777,0.541163292316876,0.861322548057748,0.188254477896472,0.142938506960725,0.954040188272497,0.427961622197802,0.180599571141339,0.324041231634602,0.643568368752986,0.683592780272104,0.271501322283094,0.295781723920185,0.309887180732109,0.501339038632554,0.542287157804313,0.236964639990848,0.318461394626018,0.446885800375033,0.433056591709928,0.305990733926361,0.382501152277827,0.392432611763123,0.268057354719783,0.435298331678122,0.361958261520413,0.215101465012105,0.536019241492651
0.124630421024332,0.156879068741511,0.342139495262704,0.27815255032534,0.362213856207679,0.239033959627248,0.421830402578113,0.115490499683227,0.578406155876864,-0.127968271540189,0.803398399330533,0.4655932337314,0.00689552879670844,0.503278423506841,0.765740528474279,0.0441265927696637,0.282355027965195,0.76354238070212,0.371032263544647,0.173181061932552,0.366666559956917,0.5467307675071,0.441089330484694,0.245271890960505,0.252130087670195,0.345552667222747,0.49478079782076,0.325534375726787,0.154613411690312,0.346509599490412,0.486305236950809,0.400488623048452,0.109458243363848,0.466544502520705,0.510125092421689,0.111637505878462,0.523351117522105,0.301705405044911,0.3135173487295,0.313137722080995
0.116607054372969,0.209267777078871,0.152499335313789,0.272590478935967,0.348255012776023,0.240295085591619,0.484398443469901,0.133566397221935,0.564314270891841,0.0106335982501847,0.612998747052165,0.566373080332701,-0.0687081696840488,0.510268317638404,0.723163476388681,0.00398816352577427,0.16337089934405,0.831478389971454,0.133225168599416,0.177191905942987,0.213828433530038,0.589354546090325,0.210807479365176,0.261289317648132,0.153274627428006,0.264971515221408,0.367555310473603,0.164617435222004,0.24142020371963,0.289583579096672,0.300699818952509,0.219672857116474,0.269388435149253,0.409289232654763,0.189260623668396,0.332777807583453,0.41273932677694,0.204606264664,0.47390707650337,0.311655160855786
0.218603822575794,0.272675370156428,0.393313279842501,0.278597304980506,0.394500927587083,0.380748829439362,0.534240201660747,0.323342359999255,0.635879971245348,0.172458074591351,0.689592855223765,0.655583680297346,0.12043229980367,0.476358974624889,0.855556880979175,0.073276615264415,0.343794007676482,0.68530674496368,0.440397153904609,0.112017030255474,0.5056200533692,0.427875074145874,0.451123626274267,0.318168640336584,0.192260387939179,0.485890298632519,0.392790087703543,0.366543388045572,0.22560720467839,0.419043251884034,0.468474477983971,0.319883686402318,0.272697896713012,0.510820467987758,0.381406636819599,0.267580181152008,0.507729752269634,0.22427202748905,0.394173483734449,0.354861746727522
0.192248449396717,0.215891720142235,0.450479645935932,0.292472202420295,0.42712826735792,0.360521479304505,0.573712254304414,0.263623293847894,0.66807781140358,0.100956671585947,0.67983425763836,0.655381700562855,0.015182595034686,0.524078673028563,0.836514080420609,0.0545094818586294,0.167484783808336,0.926510989930757,0.281661748926631,0.114183294391426,0.277514459901361,0.666615247689328,0.30752744182739,0.289657869854092,0.117498123429518,0.246932370893194,0.476886073110394,0.203110330771872,0.196089639451594,0.162821977392792,0.445997842705869,0.230161556977182,0.165454857061534,0.300654198640942,0.397016169196743,0.117794467601418,0.439635980546661,0.266566724954534,0.350091925489689,0.479445006018073
0.289265369746473,0.330505468141621,0.262253089321089,0.234440058689599,0.370746551784208,0.297300903213146,0.482255871182532,0.190778662404881,0.545707012424446,0.0710630712220899,0.517880972594339,0.602139540753824,-0.0849631404607064,0.430610693509598,0.68613466724947,0.035204233964929,0.0902405350437319,0.772407866404653,0.207242351578086,0.134618178344586,0.156166877219838,0.669170057466786,0.269099693223768,0.283470763990142,0.169078756216267,0.146314930972447,0.562437244448457,0.221975359839031,0.283060352350526,0.11965078026675,0.511640320927716,0.329307350728159,0.252004191851124,0.270081301140939,0.53518774113485,0.236521174013942,0.373034295123821,0.506726725493144,0.28649118167106,0.449821460753053
0.261755830916926,0.438732484599285,0.182809980649065,0.34363979231524,0.36507785998417,0.326907965606598,0.411065776980765,0.198049635270439,0.520095495534426,-0.0233541538546231,0.691909157919573,0.483016878753872,-0.0576219705707889,0.543097011029789,0.740410091724025,-0.0346088110246274,0.297854479636781,0.787048664780809,0.370784780878746,0.0709954096423061,0.421542385577981,0.655565835732029,0.369055184605457,0.359948593791575,0.180662011604268,0.372416342894103,0.568576207033564,0.327731089670942,0.303073244670679,0.287003397222935,0.510543467662451,0.362510209376373,0.286169991535391,0.391683624409078,0.413183046109326,0.289858802865998,0.379271273038226,0.36422222097702,0.291987866555015,0.430539903479074
0.108403588108173,0.153725243416134,0.297146924677565,0.291654215212573,0.362887188940758,0.244782445726555,0.391650152566133,0.145030378635676,0.495282057717953,-0.0837790960861632,0.722284746792613,0.378923760505723,-0.0762786595139114,0.585300472500795,0.631447120820971,-0.0611984362012957,0.250314012561942,0.836233395454411,0.0834312835621574,0.132862265212616,0.326078232586372,0.599634276187559,0.204679141073284,0.234115863001409,0.0889294350792772,0.340783807704854,0.433253927142344,0.166549054496943,0.170852527290714,0.20246749374747,0.447723483272937,0.232322309865969,0.175910067522016,0.298525597296089,0.422221124129649,0.181263211517931,0.353003448280544,0.378006643543565,0.262873860767364,0.381895595476453
0.0727593286415508,0.237492057786241,0.295610119082136,0.19601654626504,0.346189709393673,0.213474553261312,0.463568703102092,0.133074874662478,0.510077300917842,0.0626434269711808,0.48956981012729,0.51001032694688,0.0144901014842747,0.36990296859801,0.59780392098513,0.0337309214995459,0.198905901938598,0.53159260186384,0.233765984364537,0.0705356623105972,0.299659269340298,0.342402081090153,0.250509582421933,0.264177826681357,0.0348385916115433,0.319437173577477,0.258995818985981,0.155712102998163,0.15231049556479,0.198378378393385,0.382964320139935,0.0914076271565357,0.171671782751811,0.347455917824967,0.295866027141636,0.0973911388039109,0.503787176750432,0.0919817282566652,0.471291571831388,0.295588760074821
0.174353348163037,0.0895138943412133,0.282186796012538,0.284171435760956,0.342650462742506,0.247675617372503,0.399762955605341,0.159974553159599,0.450250089921316,-0.0225800408389309,0.722759374553967,0.269039424852665,0.0108519523552553,0.573895934527864,0.53582616425931,-0.0588454334047706,0.31473492836807,0.663708952749651,0.170597523454061,0.112092809369402,0.316155958394817,0.512235437375445,0.232319030815325,0.287881411556185,0.101870481734761,0.304715216558787,0.379741142406681,0.2423100961016,0.221729633477106,0.185630293509138,0.407141717110575,0.272343681267998,0.203949335107297,0.27973972456932,0.415784355484527,0.14857059875326,0.389343307390413,0.301472431457169,0.237271635073622,0.352748694689035
0.309359617038244,0.307806661564849,0.315235069354375,0.303580442441006,0.396977984942348,0.30914400288582,0.458784531875429,0.188723437218954,0.543658281791385,0.00745111783648159,0.640097477473821,0.540069110831266,-0.0632147788474371,0.508251277802965,0.735192971371148,-0.0284901206045458,0.20886565121322,0.810091278737431,0.252562607139066,0.0803891663732099,0.336886919049185,0.577266704624109,0.262914571714017,0.344740058791186,0.0891623821684614,0.339339180155298,0.425988379334605,0.259707700223208,0.293607081657992,0.215270218114003,0.45805652363373,0.268468092115939,0.308773946679516,0.329028760958327,0.431205767348736,0.241562845567847,0.401595945114396,0.398238116912179,0.25054108894186,0.508259974120827
0.0909503134767475,0.165487301386937,0.204069525176636,0.279587374707424,0.356147275012638,0.275690781677456,0.456650186178134,0.181398553107228,0.566250978499738,-0.0389284019107556,0.81470126344034,0.397044476089582,0.0431297224477741,0.566154805592245,0.628433419267047,0.0654634262672402,0.366844125905892,0.616437828776037,0.291989090857896,0.227445770579186,0.430988747621221,0.38793947051683,0.362420403829584,0.265487508633996,0.331918216250133,0.414669249478911,0.298749738073304,0.306135581192125,0.250702558052951,0.547777598706294,0.234114990887801,0.307834471073729,0.286611780333907,0.568249745854561,0.16784850526536,0.3665942812538,0.441706890763841,0.219120059665358,0.466290658942783,0.274792201050827
0.263448883516207,0.251068538539848,0.365382969805424,0.307297809684938,0.447532349367588,0.35401833856255,0.518574087296107,0.223026827316492,0.562459118515091,0.0513432843010469,0.64807255668056,0.516644826166579,-0.0184864803710891,0.553222090645645,0.666395000650514,0.00996696171582334,0.245193573318703,0.813174026616249,0.17810326563541,0.13697918627398,0.319965713091496,0.600224143415203,0.252805232542834,0.335871017470777,0.123834090122515,0.339685903597484,0.433466485397443,0.219141429720021,0.320260766004524,0.22493186782408,0.483871656388503,0.232417292886636,0.340418401966013,0.368246194090583,0.36480396618,0.310904782953814,0.437382988744003,0.25984998851826,0.537085052861444,0.179338710155304
0.182489780765013,0.215992125935185,0.341674406836999,0.209654603022038,0.385957611186316,0.259891431830372,0.540033679182448,0.185291854853509,0.643014552477563,0.0121505718381247,0.74975743299706,0.530685205531948,0.0101524825516803,0.58529204911851,0.743485890617224,-0.00167924346802769,0.348890117445157,0.775952805579849,0.271968685935973,0.121458937590669,0.455912582577018,0.567753189116415,0.235470629105151,0.333028079804703,0.134378741157657,0.493192892098534,0.37612389661135,0.259389643058814,0.20805236269416,0.399236385045365,0.432951205091492,0.257266074838739,0.256588705598866,0.503930340375614,0.338919492988802,0.212648604446721,0.571076790524137,0.171788937883796,0.463777204983768,0.446014634577011
0.0843312749986074,0.428321670515912,0.436391359038347,0.311118411927753,0.435598203129664,0.334990651352952,0.435887712370604,0.251208829115296,0.508749301600957,0.0326564876896786,0.837139795129497,0.305531617226495,0.136236626386247,0.623346601818738,0.56232479381621,0.087006566463865,0.461817736498856,0.581366976488034,0.266213046422938,0.253677506336375,0.474266627053646,0.391894131705177,0.307951178910661,0.290282378166497,0.310213511663804,0.424321458043422,0.384127787125359,0.297417309544782,0.315301501407698,0.427554759233537,0.426023252165643,0.371753089910638,0.352804160954679,0.476992482803327,0.479505536004516,0.359721901481753,0.555865893238263,0.397484627142127,0.426466273103801,0.536200601130821
0.0948365494508244,0.110042901788026,0.239224744863191,0.361216533738806,0.441956645527888,0.323801945674016,0.523380410585878,0.174470869140613,0.638506720627539,-0.0561216461031632,0.76517704297977,0.532256305630317,-0.0575827993196504,0.582921310988293,0.774862946393422,-0.0500709061634724,0.295855055376992,0.849952755762327,0.258217473726569,0.0698119982709145,0.365631425000344,0.632001413393222,0.259805940999216,0.297249227763797,0.112187774698758,0.283281942159352,0.532511149378162,0.158859420781189,0.275115779725953,0.145399362762118,0.547964404922214,0.235254557020203,0.224019970439439,0.320108891846141,0.478847206201535,0.150581366771044,0.447939578891027,0.377005849871717,0.244938517280672,0.50166299690708
0.154953526679217,0.187353182699944,0.448242321257991,0.408679773284,0.486010409429117,0.416047896565953,0.470776429257706,0.38137359762896,0.487894196032791,0.154619766999316,0.848877311098591,0.304007525685781,0.197673898515083,0.732314161644285,0.531697782521322,0.102951348370922,0.561582734160729,0.654585998712432,0.205688188322949,0.299520249130744,0.551623357280776,0.437011978443686,0.279010283498677,0.343187649257175,0.221577973434655,0.607216215705151,0.277926734923151,0.32773101559123,0.281370899329438,0.461744201911808,0.410282607150714,0.288465722324706,0.388521439165789,0.453559085613267,0.334686513538973,0.374617333998055,0.422924407797363,0.363356404195806,0.337144725347188,0.444039631168894
0.160712280848276,0.243725975979325,0.294475964160325,0.393127951808343,0.440018206255301,0.380031174034263,0.418934149090803,0.350910984314347,0.450801175152268,0.162981775776735,0.769175733490952,0.343982247915245,0.210842213993444,0.58875078580064,0.569539581473248,0.182854298737333,0.40730845919798,0.580435938610401,0.320785228053216,0.310654588435005,0.345770440494524,0.426669430206947,0.313524463441216,0.256887331581577,0.379890525403853,0.296724726253829,0.359068641762354,0.29087207607174,0.260596324574878,0.398142685260314,0.269568631979389,0.318667821614908,0.2533285362148,0.344055345977728,0.285593189060792,0.298919061329467,0.244526238372961,0.365651978287217,0.204135654400325,0.323606420497627
0.212434353199684,0.309090305318,0.345033299338082,0.269088067341255,0.355568946678731,0.292052444583383,0.534526401591843,0.264280443501415,0.609799443272034,0.192875589133098,0.633897507748527,0.547824370657493,0.11088180328259,0.552708527220789,0.672117017339377,0.0733879684200363,0.269359554777003,0.796060516008183,0.197713931434881,0.170691905848842,0.311812729713201,0.58093822815099,0.264140971720766,0.278150428840223,0.135480710931633,0.332793884785885,0.412560220741712,0.23272945907657,0.175137691159676,0.256057606323134,0.450846153075042,0.261764375196465,0.188424676232504,0.379298396738201,0.407477618163974,0.152510310064626,0.543513176020003,0.199205514722968,0.449297333142629,0.506666089163154
0.194444982667043,0.300729299577385,0.446336858005601,0.241399836626421,0.343547775457553,0.31636756376525,0.454667554909507,0.274549118768316,0.480839975778575,0.0978041086751726,0.675150141774931,0.415127524941452,0.0107879338352506,0.590821748382547,0.576678109597161,-0.013437358619457,0.28676190659393,0.723199034238815,0.0993019431074374,0.156015657614294,0.342403015077714,0.518550216851984,0.232399059592628,0.259529944251199,0.0893474403514268,0.414662871063605,0.301366268674965,0.315228202255561,0.143625969144901,0.328475661088094,0.359911675902535,0.324626112328188,0.208369087143109,0.400794431568815,0.375224081959021,0.27825088412774,0.442388063409406,0.414171560245891,0.338918501594583,0.616412728195722
0.200324696217606,0.117695046292269,0.395634404096687,0.262983432131303,0.428991829822216,0.321973209217668,0.543288021423149,0.240192334840651,0.629637140268776,0.145169562767572,0.650423208867307,0.568898739864507,0.051716535547723,0.651829767934112,0.656079605225799,0.0556622700433978,0.4054062386191,0.716001303286714,0.204414964083118,0.206922759024874,0.47474211072692,0.47561701974292,0.297418827540539,0.256500947925796,0.202717092539792,0.494177651341186,0.342616148182702,0.314685998838187,0.19815585939663,0.438806696698173,0.410278502086711,0.345129361768576,0.290606914739923,0.447984631977233,0.404879877341298,0.314219712517417,0.448878044951537,0.43479082757439,0.266887867252547,0.566080614117748
0.174329287225036,0.255678183321122,0.279338642400249,0.248072427164563,0.282881112905737,0.187234187907061,0.296652626201113,0.106833316501261,0.417717984183806,-0.0975432226713688,0.705320189302833,0.364433805057206,-0.0643258184520725,0.523052210404659,0.626577026522303,-0.0623314097662633,0.208601734049964,0.778734148989657,0.128252382813807,0.170558400109252,0.203141917266498,0.63053636273617,0.226563079787763,0.273577252394309,0.155422406063477,0.205030855459158,0.521763879676135,0.15871260414401,0.294992043110957,0.0830636541039859,0.553346217548182,0.22184234751975,0.236688903690834,0.235556657804377,0.520243082886857,0.106667506252672,0.402267852120551,0.407025894124152,0.169300510977758,0.49592415429425
0.152962103394436,0.298010105903512,0.285359886467464,0.292838801182332,0.324361890419972,0.312325534077574,0.337661183579359,0.227056515839619,0.367160233518322,0.0035775633502934,0.667975441567348,0.400252971630364,-0.0310129965051736,0.534225634147899,0.594645599100799,0.0638364087263864,0.226540315480808,0.694895112149739,0.169932191411662,0.241581396884258,0.230261755127782,0.648663519191613,0.263045713566541,0.331938501961735,0.183977465854232,0.262381159337848,0.526976735430531,0.288223780481223,0.298904843687562,0.158844845267317,0.538632863701836,0.318331255738521,0.278983407948491,0.30561568771601,0.533949745210724,0.250404920985185,0.437736170248973,0.493570037444185,0.359522971122606,0.492191632248177
0.202656632822959,0.310810294969409,0.232558800958125,0.30709684169034,0.372804776646252,0.297023266633591,0.431328486448497,0.182638346338593,0.486306576979654,0.00367126577989124,0.71211313711775,0.413489379996566,0.00478019481608722,0.541988405698014,0.65120138315029,0.038036348545585,0.275396153776477,0.728455953903337,0.264515660273724,0.170314487911577,0.328183365492994,0.573832811971847,0.245498546210523,0.358963839176367,0.176179307790625,0.336803819400158,0.460981880713075,0.246059838074249,0.311189609874563,0.250320633615684,0.47750965615299,0.293238910758499,0.278829220002128,0.3902189350196,0.448913736326035,0.249728569676456,0.455801039323645,0.438793244829531,0.322427504734721,0.494469262037864
0.163680638032869,0.250741251265191,0.180540224552656,0.367817639747935,0.367322652584941,0.393459118491143,0.342402432180725,0.414066950776591,0.383136817098686,0.108047359284751,0.923043793059238,0.175101968358223,0.181532995172514,0.745507624768534,0.475007301443585,0.0571857289099043,0.558438412470696,0.667927988349428,0.0563314969901256,0.32486103579842,0.545925940896801,0.485729751051177,0.168051658421539,0.342149722970566,0.125678291075023,0.705339097373455,0.209357143803999,0.300389493158952,0.135881276844743,0.57607532743546,0.371795508864547,0.263560293529005,0.209096772145713,0.64049005677782,0.306374428666648,0.233002301309846,0.673932096114423,0.19775057672266,0.521432181128758,0.520658059854417
0.285789027646493,0.383900618013485,0.362219726947621,0.351268355054249,0.399171107084638,0.296687085348716,0.378877514357074,0.219483443389793,0.430147904212659,0.0160219566800371,0.792844099959026,0.160662184702086,0.106273383220708,0.649515080095593,0.398195378507362,0.03668913314175,0.437806249969975,0.513541319301231,0.157706677745436,0.197175684610537,0.46730327315714,0.28318603288598,0.27850015874936,0.279756923020933,0.160546113318068,0.474119929861103,0.278970200139431,0.265202426217218,0.234040343129313,0.325275238222062,0.449161978712581,0.259906870999671,0.275347923431327,0.407398985821432,0.430400863987244,0.225423708490556,0.531594527401125,0.349811975790609,0.375945006362765,0.602085145759662
0.0939381620197339,0.237675672155175,0.350282506177872,0.374816996307753,0.428162322951112,0.386249364529572,0.383994876619719,0.314927947677371,0.383137789432948,0.0909134306050176,0.817743306449355,0.17631893132157,0.132361346068129,0.679221234794683,0.450279887872145,0.0382214408462072,0.496443182088666,0.614260999701951,0.167524938757844,0.202429430697423,0.512055603538107,0.486232260568127,0.273972217068093,0.365332050889522,0.111727255635863,0.53474301194794,0.413303536525388,0.290580484736754,0.25434063701271,0.339081842295331,0.528396622328031,0.306317694824982,0.262980634018937,0.463649659489526,0.494245369980753,0.213979671659422,0.580000809168122,0.365903174089548,0.405643011708899,0.53874624459393
0.22364097127854,0.420750115238997,0.229659293227846,0.299391939210398,0.424336050502243,0.41105759274454,0.579285339851753,0.302905132871622,0.616723778527408,0.125584987443842,0.767063789680224,0.512469139486949,0.0859124428460169,0.544373673611755,0.759203244866319,0.0581331913822291,0.304437097298985,0.739482536457144,0.335323017588276,0.15244822767212,0.402914900510831,0.524474276305052,0.327375743031944,0.354390105909401,0.191456727799003,0.405149885803764,0.40735218689792,0.338008173872328,0.232696644702686,0.375449196715425,0.405584006721465,0.361281249316872,0.238364856884864,0.474687504890775,0.421467330611195,0.23397644744174,0.499493992832441,0.384284601279451,0.227442607938731,0.580750443676547
0.292510215419154,0.283457276084169,0.324753135132853,0.267489729833695,0.428792127746322,0.326401225080023,0.634616833613476,0.259098995719127,0.697264464336209,0.167689028458592,0.631799808393316,0.692238458831914,0.0705706939492411,0.556735439589758,0.74302558770507,0.177446207826213,0.226693226004347,0.838772626074712,0.247308851118306,0.238575382705735,0.362866921059058,0.610061299554406,0.284336971706743,0.279243406163904,0.161399498669176,0.438025434085926,0.447107200808321,0.297238400641493,0.170783638729947,0.342789095545933,0.48625540379392,0.352507992378514,0.226075060312548,0.469458254002181,0.450946970970896,0.292370988306828,0.499160680406711,0.45620174339968,0.406909141069824,0.613485533013657
0.153903077555102,0.427527719909389,0.418962805053505,0.353214824692938,0.491031145886087,0.359371263869898,0.533013786599027,0.23466769207471,0.60091088762809,-0.00821482700674554,0.843102840251219,0.424225890625383,0.0299327556145451,0.663002271227053,0.679788613821906,0.0873218266722889,0.34970090976141,0.787726430110164,0.300118550793659,0.238696688562067,0.419499604984516,0.60941132136451,0.347723014876859,0.36260320977749,0.26169090442171,0.4277737020947,0.521477605916049,0.286221193852543,0.356921821482492,0.360436543044906,0.507006877919898,0.343999752696396,0.365886487775968,0.456356783179712,0.432706114780606,0.365968559130381,0.4668734664414,0.43323297180838,0.307626925389163,0.54705954362736
0.306214051590894,0.376239631544485,0.243993804124169,0.289176084748884,0.39830530276505,0.341219793218278,0.474552512576992,0.221459942193658,0.569793073667082,0.0271866785810014,0.691537556876592,0.574516462326636,-0.00707961134944872,0.602931804896095,0.80437346865149,-0.0277785721113152,0.361351067978576,0.832397993973229,0.323526922581646,0.11233759867596,0.459137148464255,0.595220063090591,0.359160278752382,0.321403702806221,0.121437149913025,0.449197097183257,0.435493682430917,0.283870107593196,0.225997716848556,0.274638960417084,0.552337618343733,0.259688814290248,0.213813614801619,0.428241669844603,0.495886637825366,0.122906045066582,0.553827625251749,0.318855324487298,0.346073884672723,0.574882072881661
0.29456581870969,0.36188205549252,0.375844818815816,0.256670575884562,0.422998172034272,0.338860748485593,0.610958509210824,0.232040829289822,0.701538726972528,0.140393936991267,0.578064306335708,0.797011967696258,0.0109268236399019,0.451926263398747,0.881318733396743,0.150755910634767,0.0838672151237393,0.909752652724465,0.380727380023409,0.176573896917242,0.169810551190955,0.795138907374112,0.305353588335256,0.326499869081777,0.221493935126287,0.154944846691535,0.668804889446884,0.200160058708381,0.296836346700083,0.119349767564309,0.604434664765266,0.246555999496344,0.243641122646152,0.332642170034423,0.534248323587193,0.128956077733134,0.505918858586629,0.375299443046647,0.272970786851692,0.552970744534797
0.125907301633496,0.317852390173128,0.428314804349485,0.325041979473953,0.349915528130461,0.349998465514681,0.282043963740294,0.345702882842185,0.371733930036357,0.0405774616210407,0.829408882994028,0.0280957580733433,0.22681825966472,0.63356162124174,0.283938292556509,0.0861595738712849,0.516124170302276,0.41705225157923,0.215455529762138,0.170672966224079,0.513079692335059,0.407038567866082,0.228915087661319,0.302870517191605,0.152927343169523,0.460978611285995,0.409234144517232,0.223954189969749,0.226506244020867,0.286397306745684,0.504549459675053,0.269129941490944,0.176650245581242,0.414112134184862,0.495263220193968,0.0989897376991981,0.510465552591393,0.355405121165804,0.234329677556915,0.485606818396035
0.186672260096709,0.279303398905517,0.387139064440449,0.345319353465777,0.339486141918057,0.375244781248066,0.298889169048399,0.350852455650229,0.371548834231503,0.0906465453033385,0.814233995569057,0.2383168326292,0.186029876565402,0.632669425215662,0.481867734639253,0.117942293789109,0.510254184699972,0.527430990656651,0.264280376307479,0.288743470784803,0.502209113561884,0.321550213130552,0.35347183263995,0.333986249498458,0.309463826048725,0.504261114782972,0.243028085265213,0.375073992493811,0.316053547307568,0.49285698525099,0.295548178086334,0.319094403528615,0.347194347778429,0.472194543623278,0.234550222904091,0.341121649254839,0.426775405756498,0.149691581764511,0.381261756830239,0.320049054048585
0.181213416522557,0.372969237098038,0.251007602799576,0.345638117557125,0.351032788473759,0.357416598243244,0.333153279595014,0.294777769029597,0.404866497316349,0.0211959391226218,0.80674951489687,0.201986760197589,0.106492250857291,0.66547756387741,0.462428002579728,0.0408046757261938,0.4529859184499,0.680428446789996,0.117031738999377,0.204556536352305,0.514525690213001,0.472791062341079,0.249416586517261,0.37451932395506,0.0848809394947285,0.536685845679562,0.351495421546807,0.291549575793561,0.286356903353934,0.312535622363758,0.494078147590423,0.271388779904242,0.338907096708628,0.446590888122448,0.420307222987835,0.296680200003711,0.592367082045796,0.284038378849509,0.530832138208234,0.484421321075409
0.145061397043624,0.420313725997518,0.251202595007718,0.35553484832638,0.347363890661328,0.370219104084143,0.294377449179441,0.418834570247427,0.267698593018496,0.299585705175314,0.609747797836228,0.247382746140706,0.311050935392714,0.503991465970152,0.41732445308062,0.247928546686707,0.416847382473589,0.442152920935301,0.257634722559598,0.405358771808499,0.351524197966058,0.382313280329048,0.279080613486542,0.256703790802724,0.390414533573909,0.378257177038904,0.350862916330647,0.235582504624644,0.308998085285134,0.432217572642067,0.355084535338061,0.29027673884953,0.32829454169564,0.443053926853996,0.284351909366336,0.330695263875692,0.38008322463648,0.269045198390241,0.316531092398903,0.432724272932297
0.179057480607527,0.236614399048432,0.399235959619889,0.41989145519177,0.427970872517011,0.391742778328308,0.336893630710336,0.387581527256039,0.341017089270703,0.170917378256125,0.740192803766998,0.19857448641614,0.24814111179335,0.555596833239216,0.470474616025385,0.105987586049111,0.511816991651682,0.441584757859472,0.359661730619772,0.160825845936458,0.516900164337426,0.398704875222175,0.29913742269014,0.360941588252367,0.219621672051433,0.434064846776028,0.422722633022311,0.333370163952843,0.266623282488833,0.400682930281712,0.423341854122726,0.383710372968957,0.269166116920568,0.476604721552033,0.452227403358542,0.291813599007598,0.485969584856419,0.450963570988627,0.287771718471619,0.572893581388879
0.261189956773452,0.206390936117854,0.366371865651894,0.344820324295537,0.462768086748671,0.363204840693085,0.503766609101651,0.288394944218674,0.554876034137097,0.0949979397642441,0.777122675218812,0.30014034926188,0.162292983981832,0.631997036837096,0.530936903715121,0.0112991040845416,0.505238413668575,0.634491523656798,0.187530047239795,0.143887501059406,0.564095042964455,0.439587168939921,0.278466938016395,0.300736185276172,0.0994262465307343,0.524982266713268,0.359452600032314,0.293227564338079,0.219662802211392,0.372432513557455,0.428273590413255,0.31279186053109,0.245444968695208,0.441128929389527,0.381927156893653,0.267787933463941,0.426471188685365,0.401704022644624,0.263096281381595,0.558890270464762
0.123432629578929,0.0751450873881137,0.258841417083329,0.23642403223621,0.232377993240685,0.23562790628652,0.199732397202461,0.203682989466021,0.240542206783757,-0.0392127592880803,0.649258436962211,0.103502167575252,0.00119425943532434,0.559885458284049,0.318911078019748,-0.0320464327975583,0.345661481519945,0.490673939440504,0.0870375251203663,0.155863920869967,0.351543540264821,0.40621021405358,0.175113858939181,0.29835670949175,0.108807048925047,0.406954328188443,0.308700680420036,0.244784253407317,0.215592217416931,0.346993166754779,0.383780665411826,0.254578660174407,0.224319243763051,0.501303410779754,0.310245488697231,0.22448525457078,0.561663211792832,0.153782153935859,0.544010513085953,0.236137494444462
0.220108890374138,0.313558635287946,0.232870037968416,0.233073012708817,0.346240375157955,0.226076710721806,0.446237259231484,0.0831726222997216,0.53752222438796,-0.0526132775278851,0.583163979462344,0.501197312035605,-0.0944277405569528,0.448836902564179,0.674403806846128,-0.021886609363633,0.134994475890763,0.844866005989347,0.12605431960662,0.127773484972918,0.242953901131481,0.709299215145276,0.203133963610376,0.275284729151385,0.0850743092436092,0.283514607993531,0.541104409345004,0.141583267355591,0.229252553270653,0.171785528144975,0.536628103767589,0.214217408542797,0.200137115053885,0.34953220918129,0.457629739811629,0.148584913268701,0.46135159000731,0.345466627804041,0.280474479676254,0.523997695215308
0.137976126995156,0.15417764294075,0.31339708228787,0.269140671856199,0.337055018081888,0.307533681836663,0.336616976425653,0.298439845422671,0.380554104069946,0.0799225651314317,0.760387443363158,0.177649867547739,0.160250034952487,0.641310896249518,0.399691676367516,0.0852835265209999,0.480741233862704,0.571635995527859,0.149978100571302,0.250005262653762,0.478221919703342,0.4301883293049,0.290256779943124,0.347474268224349,0.17937916166649,0.526091084713496,0.344573497313282,0.366208774262603,0.24013015916551,0.447062663908804,0.399105287493645,0.391232051911238,0.293553032182846,0.484359662052935,0.373978958393858,0.37910345715481,0.424332508330873,0.393829426546958,0.409100480598223,0.3722304809635
0.129256753965024,0.136212959200657,0.230079196907874,0.374578443664224,0.360872486731649,0.389555512129918,0.289178647048534,0.37648516388448,0.359470574520072,0.0771465260686569,0.834075887733242,0.197460429031489,0.172613137170506,0.619577431735666,0.525375000149523,0.063773674740349,0.478533831924682,0.57702605904303,0.287420718744854,0.18647554135285,0.517850869453697,0.420551245413813,0.334928642784442,0.289103788521828,0.225646994048884,0.475990941787405,0.361507778349015,0.34467442666429,0.18546763335306,0.455025055457661,0.362002579825201,0.341099343916615,0.216488144264829,0.500274525210713,0.345155155950815,0.25506502933584,0.527532187182661,0.246212493288313,0.46196054884261,0.464444027936269
0.22434844723088,0.379772840605627,0.367386303422004,0.34319420775735,0.393667157438952,0.382945900006541,0.36004578060872,0.348378016427769,0.388859058537151,0.0474482143708449,0.865819962661076,0.143534045479496,0.106315889788234,0.701807764969618,0.446822461766212,-0.0676814026696429,0.54729139612331,0.565530813195009,0.141377683679792,0.0652833137665732,0.619540965662637,0.37459866654193,0.271604524762321,0.233460417066837,0.0475752967466428,0.563148605960979,0.292978508708401,0.315581043778949,0.132066740373657,0.352081380777527,0.428231298620732,0.308792983206263,0.205688464429435,0.430154957642816,0.374635393699474,0.295132855622193,0.401481167527324,0.396184473691053,0.377852577753203,0.421019208182937
0.235561190087344,0.336751230053226,0.383868208582769,0.27362741748198,0.414061920278823,0.302258712225857,0.490430932113416,0.222153606663558,0.548261572271882,0.0806816367485099,0.691237371610207,0.485615145927297,0.114801859835507,0.544939095874254,0.649087243994292,0.169121250436741,0.346649572808043,0.670857725058651,0.223806819379163,0.36053293549105,0.35028326893733,0.430820235355284,0.287489992370063,0.2324487724513,0.355895738766404,0.388971987324288,0.316197641632066,0.28166471725703,0.264224084382294,0.445970786228353,0.286629353876081,0.332162468119412,0.291059764618937,0.412497627847637,0.282091892069951,0.31578405484251,0.327880457236597,0.345801216126558,0.201145231687709,0.445395740202283
0.142025873081416,0.244863449661447,0.189276770127187,0.33336999093176,0.360972673159141,0.330247898323394,0.416014030854499,0.266825126430446,0.440018080727609,0.111956436256779,0.522013909876128,0.569889892849346,-0.0249226522744286,0.451372169971236,0.723793519839269,0.0442663466756742,0.185483789723694,0.800482471245049,0.321293520421634,0.0725464851478953,0.306659657334462,0.605851736907913,0.302806726093869,0.300589833224813,0.114687635346075,0.229745713527986,0.555480100567892,0.149302165771011,0.274166243607758,0.059692970609545,0.575795771976569,0.202141829406882,0.211695518662839,0.216158282408676,0.500989542824508,0.128364909835435,0.334666445966607,0.4149392357453,0.208249369419141,0.422195290961866
0.303212240138964,0.348429811441659,0.239957510951045,0.352783778071517,0.343462706788335,0.247984200769135,0.345692956870633,0.151727240475557,0.409556295051781,-0.00722573059720866,0.656757693427333,0.308765232507316,0.0405190649037784,0.516305782947991,0.542080100966354,-0.0014091789168808,0.284437131082502,0.72499488242236,0.0919099553529534,0.185365640954913,0.294286176219672,0.613617684460179,0.142043840201298,0.298139546458585,0.101770440091808,0.33386836913105,0.456156559484323,0.152261029707368,0.228362899768543,0.185494049455311,0.54020669939833,0.226072402446712,0.181522952833156,0.343795079516383,0.501393543490472,0.12285667673283,0.438976178528988,0.43259672455386,0.216665357948956,0.468278864445289
0.14174746791089,0.225424896919721,0.243466638535478,0.316869712958153,0.282469551284757,0.302266612850057,0.258932877381903,0.246854349089545,0.276253944498909,0.0349402486006961,0.636722505573925,0.107723306155651,0.0918917914553406,0.51402924016193,0.258485621346877,0.019806638857655,0.418596984792744,0.305801923254174,0.155706540288178,0.131029482068776,0.452705615214712,0.278284921799915,0.145946013852172,0.320435084839645,0.0971940133437468,0.466349012033384,0.26964461198167,0.206212680598007,0.274058795272056,0.295590585218148,0.437564360849307,0.202326838352515,0.313146419112465,0.401236075137323,0.388320705051574,0.263246749742397,0.523231076203896,0.247800865192045,0.471711739375449,0.420308670884647
0.105893797299681,0.257877428079116,0.468569253160142,0.412301353441815,0.400689772964105,0.409530878984094,0.302032253512698,0.404414057204153,0.259633706112454,0.186443523956924,0.690940719195121,0.170668124401448,0.207584760224362,0.576427587007735,0.395076844057781,0.101152153064647,0.431488099899665,0.590680416866778,0.118529561291879,0.302115579838948,0.415953741491633,0.493610449513285,0.361312586447465,0.236154561345217,0.256586082683931,0.423815633997844,0.463877444360244,0.361742016243916,0.240115513064538,0.40302983322293,0.460290613116115,0.422578019642423,0.29807194403623,0.438229457487715,0.483430978815768,0.320704128592656,0.473453760226659,0.414386726366124,0.290010674905278,0.567692399496722
0.1999328048527,0.225628446560439,0.541992119970692,0.284790778034398,0.393163829497368,0.300010254452453,0.429411407030911,0.214198896784078,0.496451419118563,0.0221597686545541,0.684797560929207,0.473460488155351,-0.0060713904623764,0.528192488581038,0.643661680558295,0.0312682204211668,0.322593822661391,0.681877275578986,0.295885241564542,0.163656088658902,0.412125586932964,0.494467165591659,0.364857380121311,0.363879972224793,0.166597572813756,0.456096740908824,0.340362423193348,0.415750829534855,0.204725355204753,0.427772305158337,0.35130285353567,0.391770773346624,0.265457944348294,0.465388023699322,0.358842840704239,0.33898991882863,0.473050734450991,0.310476083744883,0.506167177790069,0.458196343604505
0.283526472364115,0.325921979711252,0.399864824983746,0.272866177167547,0.376453499288443,0.291609629389849,0.492290739916003,0.166312720595256,0.605558760169122,-0.0232376009946024,0.652712583116579,0.615621933499906,-0.125241300476733,0.517145492292492,0.788557809759915,-0.0366171699278534,0.12599871609697,0.896525727778933,0.247223317958878,0.0951852030102198,0.190145254037631,0.750743178479812,0.182951774145143,0.328084139964392,0.133030771069035,0.145603150278185,0.634346034060687,0.00329541260467586,0.367726739551778,-0.000410370413772167,0.61226662903331,0.0934172460540888,0.243892534871458,0.24411925223595,0.464467235883559,0.0353208771358216,0.476538307944275,0.234378297546291,0.257219774936462,0.477141719336348
0.164069914415967,0.233716934884721,0.31067177371424,0.289203260629086,0.354900860565429,0.242750058704331,0.403550604995647,0.105223860758123,0.497313879877042,-0.0908463486175814,0.648285483107521,0.487159547370929,-0.150600786157381,0.535078341249601,0.694720274806247,-0.0735565597495004,0.146175969485162,0.840041700764899,0.14512095503085,0.113117365300035,0.17837570223847,0.626122620751208,0.134152460962908,0.327950984244102,0.0715840015219557,0.218249443648973,0.381746277851477,0.105381333242617,0.22686616035922,0.133852090931469,0.395747309608179,0.109003398918527,0.156169642939049,0.268723602683555,0.346867789058494,0.0910247678880888,0.362342267772311,0.323488525195976,0.247540679590434,0.457663458984552
0.178251682884427,0.249882061123608,0.471768756099313,0.22026082220803,0.454635403190173,0.333596626801352,0.605930363905832,0.24436726126214,0.681039233576508,0.0928993369130747,0.723505296373491,0.524238095295826,0.122148630482687,0.512891016829978,0.670374288425251,0.0667470041189253,0.350726634570179,0.607307628407223,0.23449569197212,0.20329769666334,0.3893739538789,0.418662517303174,0.264921401902503,0.261803551269731,0.211703148471283,0.400289390505162,0.361546119051455,0.283080366872777,0.236303385929731,0.388699667856949,0.380628763690326,0.359560250156547,0.296259261833216,0.437537061859,0.388455689835516,0.346491967681827,0.451828955223212,0.35621343214441,0.367623386532229,0.502639826738853
0.199683215591084,0.33819286900369,0.320554278335092,0.315571702010244,0.439721142908851,0.331541504644841,0.449650597221751,0.201225551740903,0.522406596915534,-0.0377472830375903,0.787333267450086,0.331800076704924,-0.0116173177002188,0.618703891025599,0.599417681715586,-0.02243906749455,0.338743372697998,0.723288272354099,0.184308945441386,0.11230866860001,0.41000863910875,0.579413269940127,0.189337610673002,0.320270110822017,0.0645037524727821,0.415138450463545,0.458899968433276,0.186493994078392,0.241737923408361,0.192643294823985,0.567662106228503,0.197706065897822,0.23736649503934,0.35307829869964,0.477025853468281,0.128797486597481,0.50963444876669,0.305605480280983,0.343101104681175,0.545011987872107
0.142863616987034,0.259736232648798,0.42915366119052,0.273086688500612,0.322933304093449,0.285169241521691,0.328686862490144,0.221896761215733,0.42603579500643,-0.015223385495819,0.770916871380154,0.270751651030701,0.0733377585517879,0.557793407555123,0.61113076877124,0.00100916713275519,0.333875781237735,0.729973884729483,0.203761260543312,0.190200561040017,0.390793555784033,0.548643784149058,0.336753374965843,0.328673843342127,0.141405413390626,0.462765556024188,0.407564111451248,0.361017068522156,0.193257273209407,0.363196275799415,0.478865814233071,0.38021038933329,0.203094712283832,0.478129748844022,0.469587594516391,0.244314951821672,0.457064752146663,0.430675627099522,0.272042475506084,0.468782217239679
0.199593896672032,0.381386473436367,0.222408535394783,0.317276062603041,0.369947560636902,0.305009594097971,0.42822050764931,0.190493716551021,0.486954558393775,-0.0395434956160889,0.784063948695523,0.300686311747557,-0.00257701237509849,0.625018247023331,0.552777619709592,-0.0470166771408859,0.389445007364393,0.677522569243082,0.20204456790065,0.117493121359041,0.452764746618834,0.519756321704888,0.308633198165315,0.343703053143596,0.113808829209135,0.459907280416062,0.430717160537004,0.326823860736788,0.256740680551942,0.318682518635182,0.502898096770482,0.344993375650616,0.288378494368897,0.425103580635293,0.4732858475582,0.287362292688764,0.474885026519757,0.44018390236147,0.361251637589765,0.528243429653017
0.122091702038862,0.355240643562793,0.303081429237522,0.270054800722046,0.364124116031679,0.250134431531027,0.439334449042125,0.130670342820719,0.529741733227025,-0.0255649818061021,0.62477944438928,0.535042507572198,-0.0621003787397646,0.483317954905828,0.761310648876094,-0.0077644930687411,0.192940588751932,0.849262975559517,0.311315475965643,0.0948305661305534,0.298504062370942,0.658365094438126,0.344123297149502,0.3907814583857,0.152638514321971,0.260790080472408,0.543839148876346,0.233870532525516,0.38914723936948,0.142972516080266,0.512976468094784,0.255652427466839,0.345841125708171,0.308456233689642,0.373739059025827,0.317841660445269,0.350395990760377,0.339192185657638,0.379606091684541,0.344022482738237
0.160293619995234,0.182665226043492,0.42321940194614,0.306086014895598,0.430278160024504,0.337065972258528,0.522485484829381,0.206495025847543,0.606054343089731,0.00862632865306706,0.718558672051757,0.452863031750492,0.00312148197188442,0.559449304798706,0.590567642231084,0.0330117424550837,0.269996608701412,0.686280313154593,0.163892765153829,0.175958646289754,0.335464660664488,0.473998128078675,0.250343303905321,0.341311980121028,0.114827294914939,0.360380800758576,0.360750190151138,0.229722978611819,0.244695876708709,0.242436017398407,0.426686098345889,0.254402778902878,0.234625246333009,0.377848493983725,0.429878254164562,0.154997119373905,0.534280296051671,0.29531784831967,0.368080132738475,0.53726771209579
0.285429101745353,0.321109712791956,0.350034520066543,0.215955081897843,0.381191349761657,0.25337736328565,0.594153094426544,0.175339196320387,0.705722044680883,0.153644297727966,0.47788072213438,0.892622310419093,0.00604078609208086,0.362031976932883,0.961976669594808,0.193705489594704,-0.0267773743650221,0.922452877108752,0.483215330609456,0.162005365622875,0.0761527492957661,0.756545848802739,0.386940454497861,0.329345949424254,0.299166272384974,0.0265366713733248,0.663482364520368,0.179311236527478,0.408594709010076,0.0504716334196904,0.537473592181005,0.28018484295896,0.335389446337206,0.26409309815665,0.440201902594484,0.267978531894507,0.40213396817035,0.313795646179354,0.428473321165919,0.216806633016321
0.137317754785942,0.242124298919669,0.324049498001941,0.245226372277874,0.355627835185824,0.256801558537858,0.378913368114771,0.186463620825447,0.476246846933723,-0.0448127496641338,0.750582914824052,0.376121047939373,0.00738944967686915,0.565121821629581,0.634989706576247,0.0184667691285863,0.293854844969507,0.698958227609913,0.285321701002217,0.133385173790421,0.346416426442271,0.569488188925143,0.286267212898303,0.336202812227791,0.182112755611679,0.338413505104682,0.478316835374671,0.271308259996064,0.267504982626136,0.284454103963761,0.478821401523598,0.326296605203447,0.238502108095412,0.420629782027331,0.449671468774826,0.22781067965225,0.418618099409071,0.419988426344849,0.23850821413697,0.503025316822821
0.168173909063803,0.171394691516279,0.228857388499558,0.25281125547221,0.260293460784093,0.25268463335692,0.288414076332366,0.172601831725454,0.376484594778252,-0.0472364725371137,0.673431569045984,0.335715224549124,0.0010289181179966,0.480219027133421,0.47223775985337,0.0532031037544498,0.247432109254795,0.525943745716296,0.18556339398306,0.142735646761496,0.283470775054964,0.375910303123328,0.294276245976263,0.316921193302685,0.125254328801789,0.259375530134867,0.336637226397721,0.265597230627405,0.256579016722194,0.15705440388748,0.391803994187793,0.251273540154706,0.230161854060532,0.29294672916764,0.354741271922507,0.20461605296602,0.34869433775385,0.277290680071554,0.361961286919667,0.196651324412842
0.259073442400812,0.235048187718538,0.156543046476303,0.233262977025288,0.32305486866571,0.208444198835666,0.413033852906931,0.121481317738014,0.492443083918665,0.0472474117050222,0.528331138773791,0.517882644134626,-0.00675120110762311,0.432295832352651,0.672881802521282,0.0240431050363459,0.249095701303906,0.616850802088275,0.363005933353424,0.0839173478956177,0.3112295908261,0.53825376281421,0.226851587926648,0.398208840012725,0.147174306145437,0.292961824200951,0.431556793272468,0.236389627769676,0.288597905707256,0.238261956741689,0.453629713253659,0.288947270457347,0.23930572089228,0.333705057002198,0.417130851942263,0.209425078615451,0.336914270629201,0.382471065918538,0.147586439961787,0.4892464252797
0.180125643384256,0.357079890683128,0.322028969381601,0.295181027205217,0.312493209319628,0.230683329396032,0.337590668512487,0.199029249678701,0.424013292748472,-0.00179946270004592,0.774942566520667,0.26479955263595,0.123403713573922,0.538194437617908,0.549435112957598,0.0737835776417575,0.440301168011048,0.57058076070298,0.302393349249878,0.190128059166967,0.479741896064806,0.426672754482266,0.330366070001574,0.280642867787734,0.242347854360665,0.437654917091813,0.409591504074188,0.347887433843902,0.2098277771865,0.409087735261013,0.416001384418807,0.39275723291837,0.243286288590309,0.457558574828928,0.430624528223973,0.328370310478946,0.35414777831939,0.544008757231833,0.212324656365658,0.537311156438363
0.136158753249958,0.235051257853438,0.4012621757954,0.37469660141666,0.389209594335203,0.292798753782802,0.407726305760885,0.197895314510004,0.488192349549637,-0.0164513204266456,0.760065509984703,0.339482319249904,0.0428526599157293,0.559486410298111,0.576399945518038,-0.00503255870559624,0.337546189273947,0.655252254986268,0.219996956761895,0.155267633188755,0.396587459955091,0.493542850069628,0.281178055990489,0.336577895745823,0.151011544826095,0.395752910082069,0.403219037493951,0.2570364432654,0.296488303600008,0.27579156696549,0.465733749647417,0.28523580679577,0.309517419707398,0.368405872216185,0.45604721852053,0.308967640020505,0.368199659405463,0.530067342131068,0.281047380803321,0.448484899610784
0.181227695508047,0.223238016738439,0.387727165476836,0.360946452576036,0.368423839873765,0.35649500265393,0.324176331684006,0.266441301975305,0.428811380853266,-0.0291045647576974,0.818668806424027,0.249918190099582,0.0676803613675139,0.607750600475643,0.495265698823894,0.0303751095805522,0.380765098723402,0.621821250327886,0.204412057948889,0.193989406516347,0.394576356413974,0.484839468475224,0.28217557390484,0.29798224954318,0.210200416035248,0.415574291165262,0.385425159829993,0.316160585818179,0.244610814049385,0.402946002251481,0.379538998029078,0.358347389713342,0.271840274308804,0.486558705505297,0.353591591806164,0.311828081268065,0.473147932930535,0.331889159690972,0.369755248099968,0.427828362031707
0.106371578184345,0.378626697006599,0.532923964474156,0.321455333713714,0.448848449593509,0.341214568983381,0.477531969448796,0.222342095613213,0.509569543203988,0.0431881496053274,0.662810596353879,0.463499956752845,-0.0274264846682568,0.550199932155898,0.57994190327613,0.0618662373238861,0.201226772870382,0.771782302389092,0.0465199015894083,0.278026030080757,0.211113097707618,0.595289359294891,0.24625519844606,0.27447338365472,0.159938940800896,0.315813471740891,0.441528088491519,0.249351591295326,0.206148773096993,0.239761551182475,0.48260926286846,0.323608158392268,0.19877885184606,0.348922262066106,0.526020153333377,0.172250393203005,0.485166190472601,0.423479183535515,0.323852438607027,0.585423995244159
0.113243976952084,0.285247530918828,0.342537817445558,0.320540428925972,0.363228063486856,0.289764231396522,0.4095973590031,0.187264429243231,0.53743274567305,0.0136790475518717,0.691992555349457,0.483911185020703,0.0466249216644621,0.528441978306242,0.647662988431329,0.0971054820662409,0.350842828955516,0.651793848016928,0.241724755199474,0.237333104904624,0.432625584527008,0.454563389084821,0.27791122325681,0.255782109642317,0.200377540165711,0.484099878722086,0.353416768068011,0.265811818821102,0.173591163072074,0.415655493800739,0.418185521758587,0.273503769066596,0.21280182891891,0.513297943097155,0.353339217356067,0.166488650248427,0.658026678249603,0.106879110319848,0.457809573586052,0.523129553763284
0.133191588266514,0.218457992507135,0.375922255905143,0.355783237016536,0.387888816484462,0.3533331008657,0.338856058692086,0.274207867821396,0.408603366673118,0.0207109948387847,0.721307936817297,0.234518940485627,0.0620775160059853,0.570593947554716,0.431511918429813,-0.0208524304899558,0.440826619450703,0.45915748222822,0.184178376330606,0.122860128716994,0.461548736793564,0.331312232413175,0.227585757200158,0.261241495481177,0.166148056160611,0.409986139842583,0.290937869854316,0.217431632229272,0.259911408988227,0.362970770449659,0.337317641867366,0.266877861805751,0.31036719892587,0.423002581914565,0.300305221042808,0.313874468756396,0.448473316123814,0.315455343397444,0.34631475709984,0.484295943679558
0.250650946088073,0.31990716886894,0.373672410404014,0.334131370721168,0.296864675039301,0.298101728078168,0.2264139490841,0.27051994860552,0.255373101908636,0.186900324178196,0.449511383642937,0.333935331365124,0.19146800742599,0.345143348118427,0.411168252710911,0.265951773235725,0.213798667893075,0.329112253342033,0.272594882989116,0.336960038483895,0.17513504434298,0.256358202310585,0.282863887966634,0.231981546511094,0.374932183463543,0.14303357223485,0.298429396479305,0.238223263075351,0.302844794838789,0.252773691701304,0.241559923295223,0.295392816497822,0.276435960287881,0.212615952139918,0.333906908182285,0.281941776094833,0.179434476893271,0.422911971239939,0.032023184572415,0.473863964285436
0.332842484334052,0.324408409394697,0.376706433323848,0.313568008605428,0.375242456798151,0.290001561111735,0.345693489691826,0.189868156093448,0.418118986080633,-0.0181946068056898,0.667893854097017,0.175762744098866,0.0940002192855545,0.479933558993185,0.362182069996439,0.0496097285816711,0.31319962815449,0.447828685832947,0.141206355671503,0.189678820028681,0.29826296729545,0.374510886535337,0.244724352485767,0.245523064148415,0.173849717682753,0.301516406675993,0.34168306012982,0.285377498134324,0.263165504991329,0.243682250739686,0.354943914009642,0.315213081212001,0.300011763142493,0.258992213256184,0.393820455656189,0.254988842122203,0.305493363517919,0.396840548537866,0.118164753528319,0.466380498306914
0.179573737509927,0.259670990746055,0.337077775125733,0.234488929001937,0.385414306049006,0.22145435055219,0.464827446401473,0.114961422627032,0.552241890583549,-0.0734410142363746,0.731144756193189,0.327349083183162,0.0109877581895279,0.545884082187536,0.526546854359197,-0.0214164457835933,0.34571125770939,0.571918085842398,0.132152592471307,0.111351055782275,0.415558935595088,0.362228882247159,0.228760183486717,0.213483344089839,0.0749102170671005,0.465823263376166,0.270034667338844,0.258795622445422,0.121194612950384,0.40467268396658,0.365175966237619,0.278402975876027,0.181198949205728,0.501600311113941,0.34861012311769,0.215162465207202,0.530741635045964,0.31904405527606,0.294664763735704,0.55108221107689
0.209215462815627,0.266274217248304,0.279398163208772,0.315398657129888,0.388623111659773,0.282718374954891,0.445293092379729,0.176168739345484,0.534813356540316,-0.0135676825242824,0.701819791913914,0.516400997229969,-0.0435217323647796,0.539501222547033,0.809615208472576,-0.046727430140752,0.318101611873656,0.834939973236552,0.417132776321341,0.0550218788373808,0.447625883185347,0.66758065123539,0.295591983471488,0.389319306456851,0.170872652347585,0.396996318313316,0.580560917754152,0.197603671930153,0.327080175339802,0.330000134342506,0.576035889450636,0.26458770348559,0.267640647814376,0.502877196584328,0.36873783734085,0.266420332104356,0.419816808393805,0.323788643465592,0.318617964312826,0.335676312234276
