"const","sin1","cos1","sin2","cos2","sin3","cos3","sin4","cos4","sin5","cos5","sin6","cos6","sin7","cos7","sin8","cos8","sin9","cos9","sin10","cos10","sin11","cos11","sin12","cos12","sin13","cos13","sin14","cos14","sin15","cos15"
29.9946984601437,4.69996466770193,-1.60904708397039,-2.51247699904394,-0.0142598456222238,-1.51301916146577,0.835000781513587,-0.368190583240082,1.30968026119871,-0.264167317758458,0.746171673076345,0.314249410757759,0.26013852599111,-0.823502845944062,0.928310623415394,1.20839698244892,-1.41439770163958,0.44040794034441,3.64950225668708,-0.596129685135266,-3.05821610633979,-2.60498237608285,1.24212875528991,3.39507328021926,0.0316824340319512,0.156229058417466,-1.44303681176339,-0.932706202208918,-0.141657995438503,0.14183490645917,1.3400608304967
20.4483138556249,1.42113593326524,0.53524143869918,-1.03943978422084,0.413620685124596,-0.274539760972819,0.39770333306713,0.333883817715418,0.431481356395689,0.173595356706003,-0.247485529533574,0.107867875142678,-0.20186798547956,-1.29656702159297,-0.321479849187694,0.981441926547417,-0.484684065039425,-0.954631942461702,2.87342341183705,0.949954024593731,-2.46787456286999,-3.07505778559978,-1.14525264278701,1.70098942425145,1.97690571105485,1.42398896982953,-1.2694673973145,-0.465267322740536,-0.34682523789451,-0.311672222716762,1.20507392576864
25.9266131016509,0.758786518270656,-0.75904557958688,-1.03840002047802,0.541694848897975,-0.637082512939551,-0.240528841500269,0.195238362375902,0.220584275432824,-0.670106206393068,-0.425790967495822,0.539413043200624,-0.637994488012841,-2.03137412576473,0.941957313093644,0.642086905549888,-2.37149977045024,1.00905899666657,4.29565053697306,-0.0674672176864351,-3.35983447269353,-3.97879382831326,0.639198542096138,2.69134304663276,0.930617839628265,0.396655167702306,-2.39828959602979,-0.694903223117141,-0.339825153505322,-0.00613899545378526,0.921151796742912
24.926307073284,3.75335501500113,-3.20995585072618,0.0139232013866591,-1.19792189163467,-0.588949559521468,-0.752370404569512,0.491432328892867,0.098619656690192,-0.199114514518067,-0.0611125018760469,0.782761412095547,-0.738398480321127,-1.26997438243978,1.3677824642893,0.332026970295693,-3.14221285168568,3.0146755830857,3.68161860048149,-0.758990780225466,-2.93961576046208,-3.8500987303258,2.37700049061899,2.8899777872205,-0.516658584602487,-0.945536954499434,-2.47512484111917,-0.98024586147553,-0.831471225906779,0.343044308358859,0.645173913732366
23.0921997749144,1.62629463532512,0.161596530251533,-2.38278534271371,-0.841509688307324,-1.76260856338366,0.420832108319818,-0.589669600542897,0.496153567984312,-0.641338421732448,-0.152626219857542,-0.357712249749149,-0.219877331091634,-1.37756612261719,-0.0650735797466085,0.0705253443374938,-0.501110978223575,-0.372723156776886,2.156075088707,0.0747807488230275,-2.56892562002162,-3.13794904994413,-0.233506527328228,1.48860969756358,1.60271106532916,0.787168113598409,-1.5712206427424,-1.10722651607247,-0.362328085443441,-0.911016888569487,0.967258494050344
25.8123126305964,1.34561655686001,-2.13418037930893,-0.868692997542336,-0.455874381803098,-0.526315308993805,-0.605477983580004,0.0375587451036628,-0.166180552172154,-0.662233717600072,-0.471688796018383,0.0723679054724976,-0.905062429837286,-1.83515552173581,1.30647705325614,-0.290381214659726,-2.10355140570654,1.07830964266238,3.53429354965463,0.0940325368595386,-3.53535559486617,-3.85074718954759,1.63273898766967,3.00660664519666,1.22944078142347,-0.221501860046476,-2.25235048410511,-1.1639801932071,-0.240692890816977,-0.451611320024326,1.43096137161649
19.6565499939735,1.95098976380263,1.42301552012078,-0.845508191341746,0.544044571122279,0.0233976816842317,0.719423419809533,0.369251839420391,0.305764602052313,-0.0878699975751292,-0.576034012689566,0.0677045123552021,-0.089845943849579,-1.28894099019024,-0.882305346976304,1.56749649710943,0.151316439691365,-1.89929705473735,2.57358064795939,0.879700343869502,-1.66537943658324,-2.65401361606912,-2.32772082132716,0.596245571420921,1.78057431629025,1.69908889545514,-1.25466141018514,-0.348176072578998,-0.417327606147276,-0.416576152844053,0.561007827514536
28.0383013692581,0.479569371205481,2.4008853618952,0.156495409013558,-0.245678191935357,0.518234080147746,-0.831076720865256,-0.00769729457592782,-0.557032943828994,-0.0482716866217539,-0.868322572521439,-0.0372303940844004,-0.292206653062824,-1.26142351478632,-0.671114573149923,0.925343862982963,-0.697062688660073,-1.57181986059313,1.93924787210904,1.50676698025069,-2.05631576706979,-2.20250182850766,-2.01633447589923,0.547608833793707,2.01087875037068,1.36863923008649,-1.10316522901383,-0.270682047205626,-0.593321227275052,-1.08262206101581,0.0361922058410449
25.7944846716172,-0.259772062746467,0.0722464836759121,-1.71988171357326,0.119855766012318,-1.05250579091177,0.385009763648193,-0.334137861107925,0.537358495291045,-0.294966182438069,-0.378350393948374,0.0162846214497664,0.0886650383984882,-1.79758964759503,-0.237032655111224,0.829364267131731,-0.52983526669164,-0.969524140871673,2.63534714046261,1.02393652044685,-1.71298406266852,-3.04704817166653,-1.51622798554254,0.496150885835718,2.27882295193602,1.34322081015036,-0.878969414857596,0.0206136707502994,-0.555476592272244,-1.13725409851539,0.58144551160152
28.9451980177773,6.20345909606379,-1.52697431557096,-0.349118173517029,-0.153078222669283,-0.358505517985968,-0.224998905591399,0.039402414203027,0.328821451240281,-0.401829794223091,0.10726116801783,0.200320154579131,-0.0212602019358335,-1.09823760023846,1.27507133145403,0.50471417090229,-1.69969152400926,1.3587537406935,4.53379718735497,-0.175192479841384,-4.12171603852006,-3.3953877676383,1.94219079170268,4.10964401196797,0.323805157812172,-0.189991919775935,-1.69535657226357,-0.963239449897193,0.077059044916806,0.655444351884288,1.61655959464701
25.5579611838514,2.63404491361844,-0.312494348033556,-0.364738316782739,-0.799035640246975,0.160153057171689,-0.831186010164643,-0.203520147588788,-0.682764995890084,-0.389719514282121,-0.93297228674305,-0.506261832472622,-0.0730903794632587,-1.37442247845729,-0.914518296092723,0.919730915313884,-0.289695490598229,-2.0035742986534,2.19865132357418,1.4923524667131,-1.35422993706884,-2.27637447248859,-1.12280895487082,-0.100605610203435,2.10237580384478,0.719909272435834,-0.49676184003956,-0.135378514875063,-0.0523400752746749,-0.649993889585862,0.0180209282049643
26.4318505743264,0.0229937254033165,-0.867639719231456,-1.89771371535514,-0.38742717500236,-0.79177406254699,-0.297788282060632,-0.419888360509682,-0.154371763346498,-0.482691856446462,-0.857862642382972,-0.129312741321649,-0.155911521592805,-2.02090211201882,-0.813279876439899,1.20727485659393,-0.666644959868209,-1.71098644999785,2.90577862740039,0.622827503216022,-1.93907427133083,-3.39289596650438,-1.85053331379974,0.506608510853765,2.04437007338998,1.29111834668303,-1.06581917742439,-0.0228892768100464,-0.843101058461826,-1.1289704978444,0.281703386541697
27.4147009157047,1.16819635621041,-0.335019282407937,-0.693182510637456,0.439795596873862,0.0502619961108026,-0.00507548116123298,0.470185561431343,0.251568664431057,-0.00962987167557998,-0.455662691286815,0.433898746143444,-0.26505170705883,-1.43161789202294,0.00616809990047011,1.23006146461998,-1.22803115800268,-0.309906228738133,3.62413388230207,1.04008156757799,-2.98870919595069,-3.22322519984348,-0.558924454246035,1.86190224667801,1.7980967587096,0.990847248718536,-1.88208363621779,-0.56322489159073,-0.357577552918144,-0.70267667978938,0.491099159753742
22.1353479207998,-1.34800484863089,-0.41651159425943,-1.57604002461361,0.149995342402739,-1.01593560846469,0.156025909837075,-0.0256743611027228,0.21741365611143,-0.409717876378415,-0.294696632288899,-0.0347385289062272,-0.658814383073997,-1.50650250816857,0.35587564720421,-0.198212351709887,-1.60864764406483,0.933375293846029,2.75486169568316,0.189248376382433,-2.15908457587821,-4.08279284449881,0.149834441501879,1.03200783704267,1.326782038912,0.338211128187827,-1.82991595347096,-0.64571519128305,-1.48483708885298,-1.01791243032865,0.517219824358915
27.7687279154305,1.01229439490165,0.583728444658176,-2.59009157234434,0.633235607053336,-1.01434716830324,0.548309542842516,-0.240437016515864,0.361931420476257,-0.371378055480782,-0.387479509927924,-0.128520993270332,-0.461347473911398,-1.78737439676445,-0.188648640289255,0.769052820567876,-0.810847805182244,-1.08114170238912,3.26520331553749,0.758621157691471,-3.28857468859543,-4.14072971858547,-0.996874233712471,1.80523476638464,2.30215264488557,1.15910407609464,-2.61202357111986,-0.712248836267968,-0.324962232229996,-1.11918793178159,0.488059569437955
20.0340780743259,3.02115275919087,-2.74271715019945,0.152102647276539,-0.325628389795689,0.131438852156004,-0.623281091181871,0.447503942754917,-0.223256389314621,-0.244278712031214,-0.542618414695475,0.171037073689488,-1.04960442543577,-1.12278537480505,0.657226954375968,-0.0915297207968356,-2.17922869376506,1.23146242235554,3.33862320824752,-0.991719890029648,-3.3915839088904,-3.65810160850959,1.20966999805267,2.95916429300939,-0.00508378096174696,-0.354652019231371,-2.1351245947942,-0.811879315972513,-0.278694705924269,-0.161486536428249,1.56135138296227
27.1263258886527,2.95836780704797,-3.32745428928946,-0.207091448217233,-1.40042216158035,-0.730905006954815,-0.859335820642927,0.131424171621059,0.0111695123945259,-0.752818987127621,-0.133340137253254,0.405591569197325,-0.613487163300977,-1.48672067696681,1.64584480035805,-0.067388898051776,-2.89219906725637,2.53109520846727,4.21200576506628,-1.31763141242374,-2.38023889215887,-3.79090323471439,1.9635543701421,2.57056497608337,-0.731938651669468,-0.601594429895252,-2.2764778455806,-0.597844168762746,-0.415748250845412,0.654308916623859,1.02156341353146
23.8182315700711,0.0331624971050398,-1.50130097575817,-0.697811484047271,-0.328713246948672,-0.825376906941836,-0.228391545016827,0.118032613760705,0.18474583648536,-0.540123012918247,-0.449144495438091,0.381148194184037,-0.224494185055364,-1.60167330132996,0.0591167194952907,1.09033103649303,-0.967424624197317,-0.4714993270224,2.7279382552138,-0.333670838519524,-2.08630876367417,-2.71881945292047,-0.16014143829102,1.77970872056882,0.914177993749241,0.509099724915288,-1.42694215303408,-0.698875018522299,-0.639659214472253,-0.160400839908603,1.20227714731973
30.6464956276495,2.18257344208351,-2.62788614010789,-0.273438547034524,-1.24810171296429,-0.780907211639167,-0.746868616476514,0.102925009796757,-0.0603047682810526,-0.819963564458196,-0.208453690553452,0.36001698696006,-0.57489860276899,-1.58469211567325,1.52953019607675,-0.425799516811747,-2.76967059792269,1.57543775338805,3.48095680900926,-0.226434304145849,-3.27794386744476,-3.16083071942683,1.38099749177337,2.42671170935222,0.3593400409642,0.26300188108574,-1.67371616720619,-1.01380928560663,0.389491599792953,0.163798524947199,0.23286017052905
26.263498092659,0.448086328280544,-1.97989721928475,-1.68657613457065,-0.0802344459921612,-0.549746603700547,-0.197468671452674,0.142039838173996,-0.0298643325750732,0.0640228344739536,-0.509139707995309,-0.128591929550499,-0.851468789876796,-1.29625804887707,-0.226139821627024,0.597011306526495,-1.25086402197528,0.529829915402307,3.59280803979108,-0.713541008800391,-3.38420560611248,-3.98579622155153,-0.222485975303305,2.01953123174726,0.64068012507397,1.14603140266156,-2.2725261510541,-0.583684995143363,-0.963232652382025,-0.157225015146598,0.485935692386294
22.8562493695193,2.40096350160947,-0.380701635295746,-1.32484419369464,-0.479662780468742,-0.798098777315936,-0.361060982671716,-0.222275087889255,-0.210718610468195,-0.755470623502131,-0.450391773771627,-0.247036014769541,-0.689096012212025,-1.42706831957847,0.431483979005195,-0.323161238450319,-1.04149038848735,-0.439744753640582,2.55777851250369,0.737200360194091,-3.65105717428183,-3.08659711572577,0.614047275375287,2.47067438105769,1.86705933562428,0.133266736715484,-1.49276276871494,-1.45596915761472,0.141964656569622,-0.325806942920919,1.3522817592289
29.5458892023274,2.55776532851268,-0.825019345864093,-0.628091966985581,-1.53088247748699,-0.620711011365335,-0.843321932960622,-0.221689772490309,-0.261736092769434,-0.27708668925967,-0.38999069644172,-0.0816795888391416,-0.357887796645936,-0.813136051674399,0.175075516922415,0.464802813974357,-0.504168373835151,0.331522741710684,2.77454449730514,-0.11976860325661,-3.18814909625125,-2.43733279618176,0.207994312629921,2.59259218900757,1.05371987260872,0.566816691830156,-1.94911095436937,-0.455230024621815,0.22012798835007,-0.516391370613202,0.643342633508952
26.2058226866474,5.1061291035331,-0.510964205409346,0.139016548881295,-0.106022385798806,-0.146679106378245,-0.43126625869121,0.135144482163749,0.055864269052129,-0.485919255775859,-0.163740066427455,0.205302417816462,-0.395831836897712,-1.35694632285479,0.832797891237928,0.63436890150257,-1.78945129634651,0.599436453585997,3.94320455880281,0.0984763430503815,-3.40761326053982,-3.78253207343319,0.609835331183739,2.89900807549647,0.718436935347518,0.183514478835865,-2.25924377606967,-0.660118428590408,-0.342624305925587,-0.105586714817255,0.921737709558201
24.3272034006681,0.956024126146846,1.07038377264781,-0.766199697155955,-0.0456498617658171,-0.960276584295126,-0.413986877599658,-0.292165292862124,0.0739963362557188,-0.959080052311136,-0.182140053854797,-0.00742293054943467,-0.291437091279812,-1.85065473179604,0.899230603459717,0.245299427915983,-1.70359343205686,1.01441806239368,3.77323463835167,-0.303079777462364,-2.27401176010529,-3.83557472474916,1.12748425026049,2.2342178990098,0.598563285040383,-0.052364675820635,-1.93915722296838,-0.842087911756232,-0.623405564366224,0.441025871131247,1.06669561584606
27.1953230964787,-0.319732291312952,-1.42590487103097,-0.629645677877369,0.0783376899310452,-0.0902562159513288,-0.235714899917146,0.207673375438601,0.116023305583215,-0.221850064811199,-0.452510447693754,0.304876596708829,-0.384735025243501,-1.70233910356027,0.582739476819542,0.498808737128589,-1.71151407997434,0.37981122139559,3.91832089231123,0.569775836819726,-2.93092819532932,-3.79666118395641,0.517203234875809,2.37870641696154,1.7181501722239,0.547465299837046,-1.58291576709102,-0.46314264958275,-0.50434943671065,-0.489531935542683,1.06633584312286
22.3157369504194,1.66726759979581,-0.512188003953118,-1.11218867119164,0.383725350036121,-0.284272155113993,-0.00357251317073974,0.170271927244553,-0.0347420588357815,-0.228061658414915,-0.620298864579229,0.168163775673306,-0.470034856232221,-1.71476498734147,-0.337444567880716,1.16412932017082,-1.5041979391993,-0.688490913438364,3.70760149460782,0.704613392161337,-3.05127399847079,-4.29384111435208,-0.52332585334489,1.73185561925199,1.76795898119866,0.660765721798014,-2.16323098972195,-0.759510978006289,-0.819169877184916,-0.561035374340367,0.623356210535425
19.9572053892164,2.78356580190409,0.51822872663439,-0.531926664519429,-0.091897584299028,-0.766884792758689,-0.0861317917019931,-0.106642844152057,0.0197447874431953,-0.530741883592049,-0.172389824113032,-0.194166254409537,-0.44031570792977,-0.822046422465533,0.274096532857007,0.248169186826508,-0.298353274244357,-0.123930671825294,2.30383413681411,-0.463752845581481,-2.59501058665708,-2.0837648770818,-0.15768593760138,2.16749307510351,0.780166937303289,0.437828058261791,-1.69220167463154,-0.390920060378386,0.312955315022408,-0.506459551478645,0.996184609255915
21.8406884546663,1.24885905887509,-0.472078781074372,-0.740306218456148,-0.186234142997655,-0.281448072825722,-0.256706559644613,0.16343309887131,-0.141523703371168,-0.274105033902789,-0.622512101632847,0.154632829088157,-0.643355420461922,-1.39949963908484,0.0211178381337796,0.370373145066258,-1.63320324531568,-0.309729245582774,2.97902408436585,0.988926764315845,-2.30262417697257,-3.66589550792318,-0.881723712735405,0.987177829563475,1.43670197773952,0.776935020861634,-1.63282111535682,-0.467566194003977,-0.86187630059318,-0.524147037491115,0.677562063201154
25.2417119134871,1.36840395551699,0.295654506417193,-0.840565362099632,0.128550914662768,-0.204795841609994,-0.115556127743244,0.133471874714593,0.12596628270762,-0.27907852380173,-0.396109726065023,0.21171602751879,-0.462832655097401,-1.38205506396348,0.720093553947074,0.216834533396487,-1.37812290122759,0.266588932475127,3.34684387313227,0.636928853749379,-3.0137285018728,-3.68049672925851,0.572153302827507,2.45148759689645,1.58200367423482,0.297048297405326,-2.06710371593266,-0.572636122278971,-0.270293603280767,-0.401715420007446,1.0346435739318
25.8349829237261,0.84024710831064,-1.39175735921826,-1.13721334065611,-1.03336795941728,-0.693605072756528,-0.529017607616921,-0.354452607071657,-0.354091339429039,-0.33115113469827,-0.551542763999587,-0.475874726004501,-0.843228661112176,-0.759114386469064,-0.17907560834627,-0.769312234518497,0.334156794654411,-0.98098276850385,1.35468580768437,0.814615552583086,-3.43919445313153,-2.30201374085124,-0.392254459188027,1.49864803728061,2.13518920933359,0.975493731986271,-1.0128347273568,-1.11832542276189,-0.334544575780847,-0.919595922694849,0.634803554401845
26.0496561450005,1.86035756571907,0.708991841396982,-0.428469255571892,-0.0960699008777622,-0.0942133575973128,-0.4820347903114,0.21816228122388,-0.324418658611445,-0.509075616142723,-0.584690228175228,0.061607631377915,-0.702435854334235,-1.47555003267733,0.4823269542332,0.39696951399575,-1.348685660197,-0.25679238130692,2.96265371280259,0.912610761494561,-2.91915831378139,-3.2275973414471,0.134049579594836,2.20666522272235,1.65125956403958,0.357194573331577,-1.76650340061833,-0.792121401320453,-0.216454892374032,-0.581835688877182,0.97038044197979
26.8480598949474,1.96968798174476,-0.888131427405532,-1.32660138603394,-0.766945011406446,-0.77695946691414,-0.507722683267165,-0.486334056446868,-0.0546824360336578,-0.487698512919523,-0.277406900303113,-0.296282662512196,-0.0844537530210004,-1.31494912740726,0.0661689822010842,0.736577243968968,-0.370688285190327,-0.976679108758966,3.0758499849347,0.736459269491165,-3.49842896404374,-3.16257888069074,-0.316402527238801,2.62551377825081,1.75923983677507,0.797312942299302,-1.78129258981585,-0.572891501038013,-0.103579500943952,-0.654340529504504,1.18463225783412
28.8447421302161,0.187292951351931,1.16754240766988,-1.86304554524433,0.137888235031821,-0.545821210079489,0.274462123065287,-0.219025377375884,0.0430504602480561,0.0027998038460883,-0.388765660948691,-0.257318270452099,-0.370811456885968,-0.727497308578019,-0.582508379122002,0.285795158769813,0.128060275289607,-0.60678200769027,1.80023258094222,1.21690786110274,-2.03271659796168,-2.46108772635303,-0.952036977046779,0.911806079965035,1.8521974599171,1.3351604168242,-1.2228364756195,-0.299489703882028,-0.816705289660403,-0.55181434982661,0.280465845496603
25.625089765022,2.83437882477321,-0.531209987737623,-0.788326527298875,-0.23410298040901,-0.103637777850407,-0.670668666737258,0.0538724181733419,-0.474709305479431,-0.50917290278152,-0.896968386295774,-0.108909502506024,-0.968588635852209,-2.01717651127176,-0.0466253112701688,0.566193249834206,-1.93001369974415,-0.338583498796283,3.74971132433891,0.0508600007725346,-3.38799564415761,-4.69585919760331,-0.119442295761576,2.22507344935542,1.39610088652413,0.377281332450815,-2.38355235510683,-0.820304770812363,-0.77728393394736,-0.627381884978066,1.19960914306517
29.7500679452319,2.24785642103486,-0.164223571473084,-0.532300113682177,-0.510502158824446,0.39717689011845,-0.408325038435806,0.273400709715168,-0.521127549571564,0.212222485571802,-0.78061283183154,-0.129481778914494,-0.480355309787527,-0.830680776353421,-0.985425723415886,0.697475213930108,-0.15504685529699,-1.69479988859665,1.41167352794433,1.77043635680933,-2.31214385350897,-2.28591470157098,-1.6494867696059,0.403568543029721,2.32216412877333,1.21979439546767,-1.08250010604229,-0.510093841596562,-0.461322390968353,-1.09251308778152,-0.00132647894309833
26.3916459651695,3.28301279077358,-1.33841423028385,0.0531453435790996,-0.873585798946085,0.638171570614107,-0.208936378221496,0.394682754755436,-0.430406791976162,0.397493432283073,-0.638466623924841,-0.0503279027424895,-0.804258102118319,-0.283296551105844,-0.495426345746434,-0.300085533256809,-0.223117614998645,-0.244606649143407,1.32669831190794,0.873302739503264,-1.98031896073447,-2.22306622078803,-0.394568138403186,0.432371929866543,1.33224884540955,0.740973251885714,-0.514156459248529,-0.631962173856844,-0.864972659601814,-0.209805801113823,-0.028014337744669
26.0070429282211,3.66999018318028,0.066710427186457,-0.787566587122894,-0.628368168444168,-0.942073554698988,-0.323169999296142,-0.42609178222702,0.280099476612021,-0.622319469084555,0.184470097425995,-0.0469331214530647,0.0597625809147938,-1.15953302197365,0.471676772089788,0.997470762932665,-1.16429306862415,-0.34310348127231,3.34751375737003,0.409767778173295,-2.41123796873811,-2.91551056366789,-0.241366595804472,2.10735772011285,0.871152239149978,0.484888462464631,-1.6258536191756,-0.502919213405427,0.072001905138954,-0.0085371814945819,1.01089268739871
24.7125492907033,1.85069481949151,1.44732863953112,-0.920144777350956,0.100877848161462,-0.812851174133458,0.1190434012231,-0.298392464106374,0.406909967538943,-0.676709913446003,-0.053260474671607,0.02966025148349,0.212249110003143,-1.4127911197993,0.374989249552427,0.911394354175268,-0.778835727259488,-0.447102160784535,3.09159188894379,1.24863611854599,-2.41817627882885,-3.11557096249544,-0.594587509862948,1.55485226274769,1.60957511612687,0.905504129490176,-1.74425477994664,-0.612596175257553,-0.316805000100851,-0.361905187808644,0.443993297660304
28.0890667675124,2.14869263349346,0.025873986156899,-1.27735575856403,-1.07396891539063,-0.62701623294376,-0.617401606913141,-0.387612005483949,-0.300300494669161,-0.589669743563457,-0.544318548309375,-0.414673181514678,-0.100936270188372,-1.28339739043901,-0.521371094837301,0.79195663638048,-0.559789443196195,-1.25002564019937,2.39129927004773,0.748783041064652,-2.50370126653062,-2.82578041142789,-0.507565285909333,1.57591031235444,1.56954741126084,0.608246086204613,-1.98843215999115,-1.0827385616215,-0.198094289522348,-0.41481948348681,0.565001094403893
21.7075464227657,0.0478302748105494,-0.78659526519051,-1.75231775654609,0.361412020987064,-0.803466239189085,0.559676848379551,0.263620220462222,0.654397041669612,-0.0975728226130128,-0.149587578249483,0.253232703070107,-0.504062751056651,-1.46787962294595,0.305953734952383,0.619063737218645,-1.59106694774995,0.333129531656869,3.70825057130583,0.453559270466307,-2.63633483293523,-4.24926180870042,-0.23706222975229,1.70223480772394,1.2807619791866,0.943883599072739,-1.95984273288207,-0.522514604868644,-1.04642393696764,-0.0443264944209931,0.838097140087965
24.9671246300807,-0.549831731517292,0.224427509817899,-1.46348039169304,0.60263290836779,-0.905009067788078,0.493691159185321,-0.0079086230579203,0.242534917441625,-0.726276105314237,-0.535258516632701,0.0223678122258542,-0.334128772324119,-2.03148112293996,0.213759359988049,0.204599886253584,-1.22507177601184,0.639206620029366,3.17544834822285,0.103799340180973,-2.13472768103745,-3.88668680682241,-0.150342611557019,1.17395677969258,1.09103302456758,0.709058272335648,-1.5315175116479,-0.672012661765127,-1.00977565503124,-0.215544237892629,0.648551710993991
25.7732561146023,0.477665368048358,-0.0981680882744013,-1.39672550281254,0.220585899412563,-0.575064811408165,0.0795620825344334,-0.234094022489734,0.015354454712174,-0.431689914502666,-0.421150441815519,-0.260601261993168,-0.535502197580699,-1.47859279026239,0.193088398635932,-0.0955757038079251,-0.8556290850362,-0.135107028073225,3.03626034269074,0.3950109795904,-2.64676512946557,-3.5778828992531,-0.140650964566842,1.63709570611351,1.37708305678954,0.539475762150134,-1.54811296159957,-0.478959327543849,-0.608127331541721,-0.414274618664984,0.985625706913151
27.6260134532696,1.48079560528633,-0.21665074953274,-1.5577552554218,-0.27380933972814,-0.772384963560887,-0.204440540964403,-0.529074977634816,-0.190847241386581,-0.554683452052742,-0.634306695403876,-0.581018377337354,-0.159333287927817,-1.4497457154773,-1.26265603908239,0.917403790289307,0.801522242968336,-3.16641004819893,2.14992617381781,1.33366726468076,-2.65145153880758,-2.73827805621218,-2.64040923185113,0.491555496601062,2.78116040909338,1.94996590490865,-0.732293819752364,0.0540533858967313,-0.14688527423045,-1.07203483980089,0.382506998179159
24.8571622510695,0.4638418623325,1.72939930333328,-1.139073900253,0.69115184548417,-0.262791029496299,0.763807682801505,0.112252328596501,0.362465078625477,0.0869325081262394,-0.0233751627057003,-0.181536173511483,-0.0482519625189962,-0.710952069099412,-0.58699814955936,0.486395181792715,0.0149327156625358,-1.10171700469681,2.19589277146461,1.13844728988564,-1.47185110958782,-2.43642886005282,-1.73015252612315,0.351887807983311,2.0995381695692,1.63175680974474,-1.1156123236746,0.083577275223995,-0.372146028645897,-0.941600710314416,0.342697374653602
27.4439681026265,0.161575092966939,0.62547244361835,-0.900734106983363,0.400097418029994,-0.268334252665148,-0.0321845547674996,0.0264712262437739,-0.232651982378374,-0.329215803250381,-0.755840224472201,-0.0434209017581973,-0.458408205565534,-1.76404908516073,-0.806679786441138,0.86506172925392,-0.742708052612717,-1.56736811646878,2.79904672224981,0.882113535896609,-1.89812550388973,-3.12338649588032,-2.27599947382749,0.301397076327135,1.82825219799573,1.30811606112166,-1.28076333118468,0.193515230173832,-0.748974189487091,-0.923264128611182,0.313169467635186
28.6829751135592,2.60181550089405,0.099600231602939,-0.346448406304706,-0.931765220901928,-0.536909856144973,-0.838641390734392,-0.43643898736781,-0.470280014240908,-0.639015571457012,-0.443184105800313,-0.3748651860759,-0.334416932733843,-1.28519551296829,0.422090213470787,-0.0944752494025305,-0.51008380725557,0.0482391324047616,3.19219046843912,0.46697645073606,-2.75782604668157,-3.08653265549438,0.019222444729405,2.17653449683122,1.29324634192733,0.730382654425109,-1.62621132740237,-0.236270930895558,-0.218170967631684,-0.0727329101098428,0.892300273307011
29.3590149846356,3.07963266717645,0.485206272580426,-1.27024859047061,-0.637468054255121,-1.05120229754152,-0.581935418893903,-0.883606442968226,-0.0374202371703551,-0.881123309183571,-0.256160579514494,-0.6250574020659,0.39339732728207,-1.78024229026724,0.0650050323317771,0.907660806395473,-0.625766424871462,-0.305249417496943,3.35178437955667,-0.403048636853377,-2.65402478301853,-3.15424092844421,0.421459851883145,2.20362744590709,0.814877092465178,0.109118400357771,-1.91160762122908,-0.899971004215574,0.142154017332244,-0.167411706085667,0.970044715138354
30.387416764574,0.714243760821596,-0.0346390333402133,-0.73126793172198,0.230235800323588,0.00631538178271097,-0.114811075351602,0.238409332313594,-0.197674611356855,-0.0954525117018042,-0.545183025813539,0.0801466883885006,-0.442525556906123,-1.13760977279286,-0.103232266820508,0.378706314071413,-0.876486181452968,-0.0385477664253629,2.96543471314271,1.0472128909165,-3.04071512594205,-3.08498397161165,-0.268755038997973,1.81214680209064,1.89486817681853,1.04107095218174,-1.51886034923392,-0.474909937650575,-0.759665785800764,-0.572636187402097,0.747884587692769
27.7694546404378,1.95551112654681,-1.07734287487121,-1.32203777091274,0.281166637692703,-0.44395666347153,-0.0652706785431375,-0.0110897315792615,0.111268546376723,-0.603215859097497,-0.384631213714567,-0.250188171725766,-0.225687744678581,-1.56687459139666,0.524310967190138,0.766022893359958,-0.952487679463116,-0.511165500711512,4.18634019686894,0.107263628762188,-2.98009965602649,-3.91524659629513,-0.0182462171486018,2.47546109482855,1.5121386910925,1.02822387989367,-2.17745963920057,-0.392734040267673,-0.0176340012251298,-0.26918956854764,1.16420415893159
28.4282978736121,3.50218320423985,-0.412378928471927,-0.451953982492452,-0.387325981831703,-0.722908003243671,-0.479255814495551,-0.274799098708917,0.10192386945372,-0.642634520605528,-0.168447009437739,0.000846667870660266,-0.173241171418023,-1.46665344206582,1.10192796603938,0.471527207804858,-1.66957063001376,1.38018617445322,4.21516463921686,-0.903718878288982,-3.20771934963615,-3.59671429036519,1.3809356154415,3.45642794200538,-0.18411729640567,-0.0246916380837315,-1.96963703171261,-0.657827473092435,-0.399259225253196,0.70567888608869,1.41341072713019
24.5860786787204,0.420531920660554,0.505479455325433,-0.444380579747758,0.399947224595418,-0.175994574737005,0.146336217183479,0.130470408148801,0.205578052844107,0.137544292828755,-0.359723494679922,0.287307862015476,0.153752777651263,-0.92517494109055,-0.850528964232203,1.61521444870709,-0.313595205705869,-1.45590891593209,2.31284722964059,0.759605423450817,-1.11664714085488,-2.38175277413743,-2.57918582461069,0.0111216342069719,1.21560148047646,1.84639122764836,-0.838512868919942,1.02283548110949,-1.49497712210952,-0.727993257062295,-0.101110783104898
26.8310839831876,0.597191192931722,-1.31692629561013,-0.70473247514095,-0.717006226807712,0.234051559071637,0.108715150431193,0.422034837965439,-0.0653965012179428,0.468247103108914,-0.371508797347691,0.181946091376379,-0.632368120422148,-0.0951670162545128,-0.329590861321582,-0.017394568972563,0.347855314979348,-0.71539971533146,0.73223926095187,1.87346162882311,-2.03453754699051,-1.5152373522517,-1.19898322302618,0.552501704800395,2.28830835249965,1.66199735082938,-0.59184682424692,-0.174964358478915,-0.423655265925029,-0.968260845502223,-0.0366668068432654
26.6691996444862,-0.12272293345597,0.513450347552137,-1.67280367539936,0.605335084994061,-0.664355727229969,0.207395042891068,-0.277299229261962,0.0811954523849442,-0.537961570964977,-0.440505849820414,-0.0748787099339935,-0.158812106753021,-1.73836755973471,-0.268695804895614,0.750328998206418,-0.593599625359661,-1.47341097739217,2.45157537353699,1.38049449835135,-1.87029067130401,-2.93485281867351,-1.58900932576825,0.788234147516641,2.4945635102624,1.33113625167092,-1.15432819370315,0.101013465641871,-0.278431656741408,-1.1915429064567,0.469654001047406
26.0474160576709,0.94473272845355,-0.509132189514889,-0.759921320593353,-0.567663640933037,0.013825606024463,-0.128337322612557,0.165070037665145,-0.0563928440003619,0.350214146997886,-0.253390202113831,-0.276542797549689,-0.0783143421746045,-0.0496507013657101,-0.785035878512758,0.129112387134342,0.740280152813221,-0.854160272095364,0.782136962325495,0.811885190976616,-1.23057678994478,-0.730594228210637,-0.891267236971751,0.00823494676815801,1.1859073832212,0.984743915226181,0.245553023634025,-0.057457441972877,-0.161459396303903,-0.0157204659840632,0.132357158230306
27.863642677516,0.184176951691087,0.827458193631907,-0.786704611113784,0.224599544113419,-0.0315535540628215,0.11639366234616,0.116201005202549,-0.142663388806606,0.104795462845488,-0.665994206147282,0.0866669113603578,-0.4721975970843,-1.00325537782215,-0.665937038209839,0.408357883037494,-0.604038339000718,-0.858568544515284,1.70234122091919,0.486898717693805,-1.53122298228443,-2.38028174287578,-1.66834673348778,0.160123692873014,1.19544101085269,0.772128049902255,-0.610305904418958,0.3885473510818,-0.981322942546534,-0.68484591381614,0.0635147894237072
27.211917670563,2.09232704877809,0.488044160327825,-0.299431192327073,-0.337567484052299,0.107930965707236,-0.497504253642345,-0.0450760046901543,-0.167661318841393,-0.315825951175956,-0.689242498844694,0.0860761472520335,-0.122839045263552,-1.54899326396266,-0.419386554913156,1.20835422707634,-0.722113530271987,-1.64745807854333,2.53859105090104,1.08112921642669,-1.85722186156452,-2.80143105435957,-1.46537105263173,0.874771292197029,2.011305587303,0.925730009989725,-1.47601798916127,-0.116101996301539,-0.346704815385056,-0.920043041598313,0.40687801759181
20.2444379873528,-2.15341034361188,0.431365834199482,-1.87604622880874,0.241074802053808,-0.910007869261963,0.140249833082174,-0.259876291649725,0.0029675758089442,-0.490588031479162,-0.554697158026544,-0.168855935416819,-0.408707873760695,-1.24756064509456,-0.372725747580512,0.263195122890384,-0.444233993097564,-1.48356981674274,1.97631138379838,0.935904163643656,-2.21172015929427,-2.6335569491175,-1.97136279812185,0.593509762005482,1.82769441683922,1.35047765775061,-0.810271691804217,-0.149595665500858,-0.697239310579002,-0.889149151815918,0.600162285527445
22.8539467389869,0.556796891853436,-0.0680122313346661,-1.1387366300619,0.536541179793552,-0.7485055726731,-0.111001791191607,-0.107585556715257,0.306604007210358,-0.636924865085546,-0.334525109372559,0.133308243111226,-0.225292321524928,-1.98565800550452,0.383982298634342,1.09862543092154,-1.30828020186086,-0.231773567421751,4.20434035063468,-0.0555795241394709,-3.02636685310215,-3.80432877387133,0.298626186402689,2.68373137573453,1.11549227449082,0.363709403656748,-2.01320811703233,-0.578114090035484,-0.306473269965515,0.0117030336254806,1.32967406520781
26.3045160801231,-0.901066130480176,-0.341053791468492,-1.56720713969587,-0.544182181207076,-0.749307558251893,-0.251123479024985,-0.396427881532629,-0.258770044234228,-0.5016452574451,-0.496712138090107,-0.193933556356968,-0.293262489156546,-1.40142943490038,-0.530418887170649,0.631578433539813,-0.509708824769468,-1.38364070728011,1.86114226346323,1.14399142038952,-1.51425063108815,-2.46214980213039,-1.72193905053445,0.0452899847426105,2.03720013549999,1.06708201414518,-0.901924151210939,-0.256098813686617,-0.724145117707883,-1.07302170817979,-0.0700527752630298
26.5307290020573,0.714631302432002,-0.856294984620328,-1.06996891347825,-0.175987245606026,-0.331089568243997,-0.125349669429279,-0.219387042254385,-0.255444151937767,-0.271523728363015,-0.783903088350111,-0.270508632712904,-0.535978973939583,-1.38769706993958,-0.717304654698933,0.180824717910608,-0.511711082441082,-1.405084110108,2.21379630488336,0.635314518237044,-2.32684428462937,-2.95826757098051,-1.51576751792068,0.45579411369518,1.94799915472792,1.16558069053252,-0.624420054931538,-0.11444575906821,-0.656030789840535,-0.999524982534096,0.143699237903364
25.333019079221,1.43926291682187,1.23749634273807,-0.697422672535662,0.374162031141332,-0.031569351499914,0.130969107455009,0.145606066974561,0.222254611702124,-0.16016081645921,-0.529578201924357,0.299100551805683,0.210397742633348,-1.75346865804348,-0.612447634010573,1.71839626935718,-0.565416221315849,-1.5805687898358,3.12474899136762,1.78670116448865,-1.74511651419206,-3.18797392118549,-2.04875347436179,0.470668789270355,2.59673743527123,1.64733648484215,-1.2000950833658,0.2374313897972,-0.681527569785182,-1.22179689256138,0.00825869847767905
26.6194590833485,2.30946408132114,-0.953482416497981,-0.870570469435884,-0.719065268687412,0.32242505241932,-0.00744088242676319,0.171719025710081,-0.118131875009657,0.314126487123525,-0.265631703116613,-0.202117811014312,-0.150598637094997,-0.315579538573072,-0.321079598581722,0.197709949185304,0.552642458794367,-0.219848923496109,1.3616353959688,1.06751325617773,-2.36871936791471,-1.85921757027839,0.166098434883779,1.46068728939593,1.54034707560445,0.982748789669819,-1.28425185432891,-0.851400091884462,-0.275836977958673,-0.0511112392542312,0.327638625962514
23.8690819360319,2.35517885886039,-1.04646410628125,-0.453236436849967,0.210046950873929,-0.0452798359542913,-0.480314256982611,0.0452785830020189,-0.256714545929416,-0.462389530544583,-0.510733165750794,-0.112311958820804,-0.663111959599348,-1.68626671684053,0.37435303750122,0.65315647331996,-1.88765756300538,0.532411728027008,3.88327115349622,-0.549893482879031,-2.67958949078125,-4.04362227798842,0.480112887614652,2.00485918928426,0.621272166550607,-0.212767955879645,-1.96020462688522,-0.317238405822503,-0.434917929102422,-0.233049278668416,0.807631366570516
22.8982432130072,0.546142046975791,0.37969907182657,-1.3966069858076,0.864295872880242,-0.324746914800693,0.503735080760286,0.327456219660237,0.460077508877843,-0.0493186162177401,-0.283673689971006,0.180502128218223,-0.302429578793959,-1.4571494347356,-0.275328198797111,1.29727055003726,-0.914913425858505,-0.8743950361374,3.44705442243029,0.351796135762796,-2.13003340655807,-3.6774254813025,-0.918421062679977,1.41108557641968,1.14481787953293,0.805282264773706,-1.63144467088266,-0.116542813844393,-0.645070153457381,-0.0892121392848924,0.924584707373964
21.3154309160642,-1.39482408558618,1.91566927265086,-1.19458680700439,0.312762077892049,-0.740526789139413,0.16080369652228,-0.270544009345986,0.0333994359083788,-0.266857472735256,-0.581853088933949,-0.346073756294933,-0.203164507637966,-1.05076403640115,-0.836596122193987,0.513821915216901,0.323002868228844,-1.46131487441444,1.27247348659738,0.848937625656108,-1.23833203506421,-1.91306948832618,-1.81472897620172,0.0263059549527411,1.82154991425137,1.05924055025859,-0.606447669740312,0.162558233930982,-0.58678983439654,-1.26836726649547,0.55471495722517
27.5095205190838,-0.895081516284454,1.0957428863866,-0.655888829105293,0.380522774004454,0.11165979382017,-0.045648556082734,0.473417496847161,-0.0376669564568563,0.091097687126894,-0.822521238862003,0.436889905741326,-0.326864158695222,-1.43293034879911,-0.695624982918909,1.27628904508368,-1.10531497787054,-0.7796082966504,2.1317682360007,1.04625008683949,-1.47716159461037,-2.32370706755335,-1.79453944649675,-0.0757763162688844,1.32527092919842,1.17820024568855,-0.806399604815603,-0.0628608421240457,-0.764129114611344,-0.28018086984201,-0.408208711719883
27.1117690916556,0.0892575569880857,0.194171203254438,-0.851725250287777,0.539085942923563,-0.433255677388609,0.290271578415342,0.13941234015404,0.395672773232117,-0.0509106886163068,-0.143362106725055,0.225471953791228,-0.490446906665565,-1.04094262371178,0.408292309458239,0.294062324708457,-0.811622951181366,0.287915646771726,2.41919114489686,0.700966983837531,-2.79540098960948,-2.83391094664082,-0.157064598553296,1.78723905547212,1.56076471830458,0.747075933519468,-1.71768809564861,-0.783938418005731,-0.45918558060114,-0.631227414833447,0.415596424316047
23.8830179765453,3.14856167114896,-0.356683244083343,-0.158222614835997,0.395630454140091,-0.150284085937205,-0.016110908994871,0.384375889858125,0.374834357639044,-0.136257440383884,-0.0187648497418646,0.334705976756262,-0.358617248412493,-1.14222274320474,0.866879044607149,0.812108224836425,-1.56867882882344,0.712661436217817,4.34453016687181,0.267825190704108,-3.65385124623046,-4.03831311382941,0.584846675283701,3.40400831568228,0.974821036113238,0.5479926320178,-2.24286562074995,-0.35257990850934,-0.768409963678631,0.17721322238819,1.7601714659019
20.5930504030092,2.80178746995198,-0.338290630310595,-0.574318300052826,0.891587333283868,-0.0650569941216524,0.566569590157777,0.449605971533975,0.321171243888078,-0.205848362852156,-0.209393727913203,0.157728233455278,-0.843361221365424,-0.925852562942253,0.624676380974668,0.100258088056049,-1.12448561789846,-0.0626550947244531,3.59011056587507,0.51068212993088,-3.51299590575417,-4.16453924901475,0.0989018190881324,2.54673393081947,1.47701640019271,0.546559052756396,-2.16063022976798,-0.798436395211253,-0.760804706934559,-0.205486504297178,1.28223883859581
27.5259982098672,2.54761825327581,1.47649390794658,-0.764849827445615,-1.27030894168408,-0.624591548703333,-0.642419502833592,-0.448513786832679,-0.251516117769531,-0.402946035182028,-0.41039691106067,-0.403887824416017,-0.0109036188637884,-1.0277602834314,-0.146966793607959,0.590957793346783,-0.110307779522808,-0.162019844017598,2.00208955446941,0.648261300859495,-2.22051101811391,-2.27732973187117,-0.0171794200727717,1.73554359179314,1.41986911240746,0.641953410690065,-1.72580036248684,-0.804748204979545,-0.365860439571205,-0.447018312424955,0.602170139683068
25.0715200263166,1.63793827884567,0.549503817159845,-0.607151627434465,0.524655526174862,0.0450717400014446,0.0651685908840545,0.195019895448469,0.0471139742010505,-0.230944287484326,-0.535013168187725,0.112115634287485,-0.141718034470002,-1.74669732690182,-0.306599290180843,1.05452984732854,-0.895874708983869,-0.792402542519768,3.8161996011629,0.664917937793405,-2.54371324605373,-3.79805220925146,-0.892667921868405,1.78528356871144,1.78406349143055,1.12891038113002,-1.69102022065879,-0.0365588744626277,-0.653534081275537,-0.69769324086828,0.980351548660508
26.048969678377,-0.718465692337837,-0.470395090828146,-1.6356662532901,0.283115953210775,-0.664115438515671,0.183035756640763,0.143553333680408,0.240534791733081,-0.141680371730084,-0.270010807941122,0.293851132758346,-0.312156909842288,-1.1821610238324,-0.0660072546156932,0.878107455345692,-1.14179275587029,-0.259762530369853,3.37388767683138,0.625372540955893,-2.58193562054333,-3.40019550002282,-1.08244628263071,1.33537232043512,1.32068835724163,1.24556531321628,-1.8119516362926,-0.126149853809534,-0.77923450887268,-0.497115515789777,0.0197067325981097
26.3360265462854,-0.66199564416914,0.489921243525815,-1.2629893966164,0.222064660566616,-0.701363069777285,-0.0180495111302237,-0.165363243111422,0.0976803534085536,-0.581979801386285,-0.43253828740558,-0.0858314260970501,-0.284847061639834,-1.8681930014059,0.128215729279998,0.616481713772823,-1.03227885210685,-0.674520270257071,3.39920471961165,0.892247435358145,-2.22591905486413,-3.62208323311766,-0.914059204634305,1.17401996711951,2.09675781930457,1.04771983369775,-1.56661089457635,-0.379725519186586,-0.623203975197427,-0.779726090119617,0.750431508443036
25.4267637187247,0.356717424657898,-1.28089232448339,-0.939615819889993,0.317013685979382,-0.42526569879798,3.90470729222473e-05,0.262759775134387,0.168304226558916,-0.374162419127965,-0.218007459198344,0.375907727460054,-0.769116674736569,-1.39807434812175,1.09135990714388,0.00156129251893353,-1.99244943741679,0.896416562423317,3.41171487470693,0.629098111188994,-3.13315602814229,-3.57841940065215,0.883589928674538,2.55656724193537,1.45411865368755,0.0546501500456674,-1.86561242101,-0.718826411838303,-0.35438158544826,-0.498995773146136,1.11733056538405
25.1034684183222,2.35500934333911,1.21732750798461,-0.178356544909268,0.00779793084985589,-0.449158275158283,-0.245246555750331,0.0610573058426723,-0.180369578321457,-0.405694798398869,-0.372108771076892,-0.117169170466531,-0.500598123876076,-1.18947564388496,0.117514568325789,0.235837965312409,-0.750713772761754,-0.285361359793816,2.48630950488884,0.364129355009148,-2.52936337892391,-3.14779312795336,-0.611004975621306,1.70637646964196,1.34963299456341,0.825774291587119,-2.11799628944798,-0.488416785086435,-0.528980187692164,-0.606725386273612,0.836043672937529
27.5070668209882,3.18023693399098,-1.30306931267208,-1.03553991938852,-0.776142473679867,-1.06986362507006,-0.528643952916597,-0.216809501624711,0.0574651109141134,-0.628121554548196,0.146913041921222,-0.0626408086092269,-0.553373166394108,-0.93337457029932,1.63522688094571,-0.596238904958851,-2.25612190775203,2.54751716465242,3.43724825027291,-0.836802059453419,-3.45319553369517,-3.15973357715347,2.75359668797766,3.53620614888822,-0.410425521710096,-0.784656952512249,-1.89343510762825,-1.09718030255855,-0.156906092681256,0.586729641301039,1.40575205667142
25.2484265405829,-0.00584939113757512,-0.748065212993392,-1.53818321911122,-0.159114612385192,-0.669717701921036,0.0329245164448103,0.0525225696265736,0.0489852563257742,-0.252140832101192,-0.393192708555829,0.032046618689441,-0.471465472887258,-1.28454962203707,0.206043259832852,0.313008504482113,-1.07212816288023,-0.01301452441926,3.25113033337024,0.339162539399467,-2.75583358548397,-3.64617602622845,-0.368797979797801,1.66546862727826,1.34337726458979,0.861268837584067,-1.55956674500264,-0.292174184034646,-0.981304226199713,-0.456080979618775,0.684435863095475
20.5170291765049,0.386376992477315,-0.44180198270913,-1.02285273682106,-0.354207807385707,-0.861656767234461,0.190755767590805,0.247933635807206,0.0920131584712021,-0.241814855403621,-0.345285312202999,0.0937957201451192,-0.800816342050849,-1.3031546850877,0.381301221942048,-0.202233453619076,-0.824776580427828,0.591133286173923,1.94899560523761,0.207793660600665,-1.82831953127984,-2.96661954334856,-0.420840453841416,0.932049814094144,1.36188903609949,0.862287301832938,-1.43222816283235,-0.438693801973764,-0.722388869481391,-0.807749587534919,0.514269373954456
23.2165517661186,0.364211433373914,-1.28088210178498,-1.27908717717145,-0.610935883615393,-0.656373261379666,-0.318752425014782,-0.0616093460640368,-0.00288123069985013,-0.40864032860468,-0.194264964198277,-0.200287564604249,-0.604613252062206,-0.952599310902692,0.397212765605351,-0.0566887323140055,-0.894567663582751,0.297947002333359,2.84113939718531,-0.12675771803072,-2.22021228410001,-3.18469175229775,0.562878483502968,1.99594164269784,0.920025990577087,-0.0515075559165993,-1.50720702786998,-0.46097575933453,-0.338760924334685,-0.141838966375327,1.37225341136497
26.1319515726909,-0.749510469466673,-0.694938595277932,-2.04750101315123,0.196792487557304,-0.638699923297137,0.45259402587967,-0.271523684225114,0.452571436023172,0.184029823157565,-0.0778815205262796,0.096576947151706,-0.0511968972699662,-1.11212369719226,-0.336252700524066,0.788856059720623,-0.262592547076223,-0.377567444086346,2.42487748334383,0.560496378401975,-1.93738007542368,-2.86444235212927,-0.928935826646814,0.74916992406611,1.48703506400273,0.952951873375787,-1.15759706154634,-0.231242235109945,-0.88645219529445,-0.578211400949871,0.0592805574027054
25.7114441396207,0.367636829538011,0.71111108449153,-0.993324779379451,0.41111371407411,-0.48014317969009,0.180332803955538,0.271550191012323,0.205658658916609,0.00775826300656163,-0.514349483005577,0.188706187314156,-0.660552426715929,-1.10920903836001,-0.166470370375057,0.45434723803897,-1.02621216676885,-0.386320713154627,2.49370311649417,0.693479211626207,-2.58216240478203,-3.38482919658444,-0.774426436149854,1.0208391979352,1.5465985806295,0.597660452619025,-1.83852289177748,-0.567871332470878,-0.959144470066074,-0.916062195651462,0.330102105069418
25.8677367796979,-0.141745041570789,0.485772059503333,-1.039213976124,0.115096032060152,-0.216665894107929,0.125125193012777,0.267229157567195,0.0449133933282606,0.139659763476059,-0.591387217917102,0.142344978309512,-0.591537006087422,-1.17436565820071,-0.272857931750345,0.400198329124414,-0.759067487044062,-0.721259811938832,2.19184023025402,1.07831577034716,-2.56419845267452,-2.86706264570313,-1.08805368182809,1.02557780911317,1.87866999416662,1.34233450137771,-1.11166192748328,-0.34115405952968,-1.00791624952316,-0.821155563760749,0.244060147723079
25.5976287004909,1.52646567484881,2.024793112876,-0.301980951097921,0.745493941735501,-0.14861091519887,0.394536541833621,0.5037925880607,0.237840736830639,-0.131561870842003,-0.191915447450727,0.276886002857867,-0.289851354584279,-1.32072704175414,-0.00786073935050913,1.04286656204592,-0.929831325899394,0.258501444506233,3.20936055697317,0.356019300881813,-2.31128934708578,-3.37421113831284,-0.485201565023341,1.64306211153559,0.967725825339373,1.05505392213137,-2.20104151029417,-0.596889757638608,-0.758909199924293,0.189922424090102,0.421973648735386
26.0120166881098,1.26430005827868,-0.410581663089364,-1.48141815538112,0.0183874861706434,-0.407890777870215,0.223429931939646,-0.0907510280639944,0.178050099275697,0.115880749435471,-0.386907295309597,-0.184870427169456,-0.163639613988055,-1.07245054609657,-0.766383048624207,0.821587558302566,0.0660273868677653,-0.782354355601307,2.15973772812084,0.124092394809062,-3.00819178251038,-2.39274659389862,-0.630686663259088,2.08250397656184,1.3751495332961,1.25683039457856,-1.59658532413815,-0.471171489846419,-0.0567090135586472,-0.409718044054108,0.948769160198575
23.6162856843085,0.620718401501815,1.65409547921192,-0.669322444227349,0.202320167831726,-0.0526848157029752,-0.0138422560101361,0.265657820333029,-0.0568212173362837,-0.000936581008400415,-0.55259962395735,0.00706183963672599,-0.468489075612342,-0.98124918134133,-0.570489251648186,0.369974343530715,-0.249765540429064,-1.27581882031681,1.38778373195559,1.33781564836704,-2.17067545962424,-2.25621484961873,-1.25898783001905,0.738135206328955,2.18396714582363,1.12273003700458,-1.05201071162796,-0.283477536454208,-0.73106145225245,-1.0406332449111,0.4646752522484
20.910561598786,0.988405963604553,0.255068326773075,-0.445968711097745,0.0124879092296184,0.226936704841947,0.82414275781118,0.788146564614277,0.251342761945174,0.717841827314665,-0.063523917092232,0.256200747604187,-0.451176037455705,0.566231345247893,-0.23715807455314,-0.589228993418998,0.328567720645355,1.24318704368585,0.13180470503091,0.212395525905334,-0.668704528827849,-0.806204851794647,0.398842445719263,0.16236992491319,0.344794332527529,0.397554218952014,-0.402562208580148,-0.33045130993462,-0.664598166583111,0.328301400404137,-0.0924728543591709
21.8041496185022,-0.00450350551091784,1.49123780883693,-0.109430668073389,0.162073371593143,0.291218585509223,0.244503471595566,0.567998376267098,0.226668203704059,0.281846354360249,-0.349791925520615,0.543105709576094,-0.151299465895547,-0.85344075448252,-0.0498224834031806,0.498368550617192,-0.744859264613817,0.12431118670824,1.67260602278591,1.12586767345341,-1.07175396718065,-2.01069280314359,-0.524562832674661,0.477904012259824,1.50551272776904,1.14099157324243,-0.930489453928294,-0.120680009728356,-0.902366569962278,-0.413337944910441,0.152569109887202
22.9698259056896,0.845509903486965,1.47055898067995,-1.52070167088607,-0.140401869960935,-0.618394875714933,0.106883918136692,-0.253102503423722,0.120071901750123,-0.379688070429042,-0.391312838907047,-0.151081510826867,-0.103173405666681,-1.29634876550275,-0.398104143579806,0.874093762231197,-0.0935882827403924,-1.18882283325583,2.55641035077488,0.553974829031853,-2.63096203473108,-2.65542001718293,-1.11509933312468,1.59332654302645,1.79536646120278,1.31534051109496,-1.70638472085679,-0.370408399973637,-0.269514741075865,-0.679521988403038,0.709119902425435
27.438046052173,0.206520038196735,-1.89582463604205,-1.22380212887938,-0.122930176117063,0.0279595149101232,-0.52317036928139,0.175482442846063,-0.0407000576676902,-0.0245033590685815,-0.486218207200826,0.00706376855208335,-0.759482688350446,-1.18483004198123,0.156319154761624,0.645092646330184,-1.27492384716661,-0.365183866092164,3.95305002782009,0.306049643347712,-3.910596937277,-3.81666672127095,-0.053351373823536,2.87262402600439,1.53163288694089,0.351552812325458,-1.75444887998713,-0.334860993936358,-0.470283161312065,-0.653135057280678,1.29634757588262
